+ launcher_opts=(--etc-dir /etc/trino)
+ grep -s -q node.id /etc/trino/node.properties
+ launcher_opts+=("-Dnode.id=${HOSTNAME}")
+ exec /usr/lib/trino/bin/launcher run --etc-dir /etc/trino -Dnode.id=61ccf829d40f
# WARNING: Unable to attach Serviceability Agent. You can try again with escalated privileges. Two options: a) use -Djol.tryWithSudo=true to try with sudo; b) echo 0 | sudo tee /proc/sys/kernel/yama/ptrace_scope
Jul 29, 2026 1:23:06 PM io.airlift.log.Logger info
INFO: Java version: 22.0.1
2026-07-29T13:23:06.200Z	INFO	main	io.airlift.log.Logging	Logging to stderr
2026-07-29T13:23:06.201Z	INFO	main	Bootstrap	Loading configuration
2026-07-29T13:23:06.256Z	INFO	main	org.hibernate.validator.internal.util.Version	HV000001: Hibernate Validator 8.0.1.Final
2026-07-29T13:23:06.347Z	INFO	main	Bootstrap	Initializing logging
2026-07-29T13:23:07.001Z	INFO	main	Bootstrap	PROPERTY                                                                                DEFAULT                                                                    RUNTIME                                                                    DESCRIPTION
2026-07-29T13:23:07.001Z	INFO	main	Bootstrap	discovery.uri                                                                           ----                                                                       http://localhost:8080                                                      Discovery service base URI
2026-07-29T13:23:07.002Z	INFO	main	Bootstrap	service-inventory.uri                                                                   ----                                                                       ----                                                                       Service inventory base URI
2026-07-29T13:23:07.002Z	INFO	main	Bootstrap	service-inventory.update-interval                                                       10.00s                                                                     10.00s                                                                     Service inventory update interval
2026-07-29T13:23:07.002Z	INFO	main	Bootstrap	discovery.trino.pool                                                                    general                                                                    general
2026-07-29T13:23:07.002Z	INFO	main	Bootstrap	discovery.max-age                                                                       30.00s                                                                     30.00s
2026-07-29T13:23:07.002Z	INFO	main	Bootstrap	discovery.store-cache-ttl                                                               1.00s                                                                      1.00s
2026-07-29T13:23:07.002Z	INFO	main	Bootstrap	dynamic.store.gc-interval                                                               1.00h                                                                      1.00h
2026-07-29T13:23:07.002Z	INFO	main	Bootstrap	dynamic.store.remote.max-batch-size                                                     1000                                                                       1000
2026-07-29T13:23:07.002Z	INFO	main	Bootstrap	dynamic.store.remote.queue-size                                                         1000                                                                       1000
2026-07-29T13:23:07.002Z	INFO	main	Bootstrap	dynamic.store.remote.update-interval                                                    5.00s                                                                      5.00s
2026-07-29T13:23:07.002Z	INFO	main	Bootstrap	dynamic.store.remote.replication-interval                                               1.00m                                                                      1.00m
2026-07-29T13:23:07.002Z	INFO	main	Bootstrap	dynamic.store.tombstone-max-age                                                         1.00d                                                                      1.00d
2026-07-29T13:23:07.002Z	INFO	main	Bootstrap	discovery.http-client.https.automatic-shared-secret                                     [REDACTED]                                                                 [REDACTED]
2026-07-29T13:23:07.002Z	INFO	main	Bootstrap	discovery.http-client.use-blocking-connect                                              false                                                                      false
2026-07-29T13:23:07.002Z	INFO	main	Bootstrap	discovery.http-client.connect-timeout                                                   5.00s                                                                      5.00s
2026-07-29T13:23:07.003Z	INFO	main	Bootstrap	discovery.http-client.http2.enabled                                                     false                                                                      false                                                                      Enable the HTTP/2 transport
2026-07-29T13:23:07.003Z	INFO	main	Bootstrap	discovery.http-client.http2.session-receive-window-size                                 16MB                                                                       16MB                                                                       Initial size of session's flow control receive window for HTTP/2
2026-07-29T13:23:07.003Z	INFO	main	Bootstrap	discovery.http-client.http2.stream-receive-window-size                                  16MB                                                                       16MB                                                                       Initial size of stream's flow control receive window for HTTP/2
2026-07-29T13:23:07.003Z	INFO	main	Bootstrap	discovery.http-client.http2.input-buffer-size                                           8kB                                                                        8kB                                                                        Size of the buffer used to read from the network for HTTP/2
2026-07-29T13:23:07.003Z	INFO	main	Bootstrap	discovery.http-client.http-proxy                                                        ----                                                                       ----
2026-07-29T13:23:07.003Z	INFO	main	Bootstrap	discovery.http-client.https.excluded-cipher                                             [^.*_(MD5|SHA|SHA1)$, ^TLS_RSA_.*$, ^SSL_.*$, ^.*_NULL_.*$, ^.*_anon_.*$]  [^.*_(MD5|SHA|SHA1)$, ^TLS_RSA_.*$, ^SSL_.*$, ^.*_NULL_.*$, ^.*_anon_.*$]  Setting this config property overwrites Jetty's default excluded cipher suites
2026-07-29T13:23:07.003Z	INFO	main	Bootstrap	discovery.http-client.https.included-cipher                                             []                                                                         []
2026-07-29T13:23:07.003Z	INFO	main	Bootstrap	discovery.http-client.idle-timeout                                                      1.00m                                                                      1.00m
2026-07-29T13:23:07.003Z	INFO	main	Bootstrap	discovery.http-client.key-store-password                                                [REDACTED]                                                                 [REDACTED]
2026-07-29T13:23:07.003Z	INFO	main	Bootstrap	discovery.http-client.key-store-path                                                    ----                                                                       ----
2026-07-29T13:23:07.003Z	INFO	main	Bootstrap	discovery.http-client.log.buffer-size                                                   1MB                                                                        1MB
2026-07-29T13:23:07.003Z	INFO	main	Bootstrap	discovery.http-client.log.compression.enabled                                           true                                                                       true
2026-07-29T13:23:07.004Z	INFO	main	Bootstrap	discovery.http-client.log.enabled                                                       false                                                                      false
2026-07-29T13:23:07.004Z	INFO	main	Bootstrap	discovery.http-client.log.flush-interval                                                10.00s                                                                     10.00s
2026-07-29T13:23:07.004Z	INFO	main	Bootstrap	discovery.http-client.log.max-history                                                   15                                                                         15
2026-07-29T13:23:07.004Z	INFO	main	Bootstrap	discovery.http-client.log.max-size                                                      1GB                                                                        1GB
2026-07-29T13:23:07.004Z	INFO	main	Bootstrap	discovery.http-client.log.path                                                          var/log/                                                                   var/log/                                                                   The name of the log file will be prefixed with the name of the HTTP client (<client_name>-http-client.log)
2026-07-29T13:23:07.004Z	INFO	main	Bootstrap	discovery.http-client.log.queue-size                                                    10000                                                                      10000
2026-07-29T13:23:07.004Z	INFO	main	Bootstrap	discovery.http-client.max-connections-per-server                                        20                                                                         20
2026-07-29T13:23:07.005Z	INFO	main	Bootstrap	discovery.http-client.max-content-length                                                16MB                                                                       16MB
2026-07-29T13:23:07.005Z	INFO	main	Bootstrap	discovery.http-client.max-requests-queued-per-destination                               1024                                                                       1024
2026-07-29T13:23:07.005Z	INFO	main	Bootstrap	discovery.http-client.max-threads                                                       200                                                                        200
2026-07-29T13:23:07.005Z	INFO	main	Bootstrap	discovery.http-client.min-threads                                                       8                                                                          8
2026-07-29T13:23:07.005Z	INFO	main	Bootstrap	discovery.http-client.record-request-complete                                           true                                                                       true
2026-07-29T13:23:07.005Z	INFO	main	Bootstrap	discovery.http-client.request-buffer-size                                               4kB                                                                        4kB
2026-07-29T13:23:07.005Z	INFO	main	Bootstrap	discovery.http-client.request-timeout                                                   5.00m                                                                      5.00m
2026-07-29T13:23:07.005Z	INFO	main	Bootstrap	discovery.http-client.response-buffer-size                                              16kB                                                                       16kB
2026-07-29T13:23:07.005Z	INFO	main	Bootstrap	discovery.http-client.http-proxy.secure                                                 false                                                                      false
2026-07-29T13:23:07.005Z	INFO	main	Bootstrap	discovery.http-client.secure-random-algorithm                                           ----                                                                       ----
2026-07-29T13:23:07.005Z	INFO	main	Bootstrap	discovery.http-client.selector-count                                                    2                                                                          2
2026-07-29T13:23:07.005Z	INFO	main	Bootstrap	discovery.http-client.socks-proxy                                                       ----                                                                       ----
2026-07-29T13:23:07.005Z	INFO	main	Bootstrap	discovery.http-client.tcp-keep-alive-idle-time                                          ----                                                                       ----
2026-07-29T13:23:07.006Z	INFO	main	Bootstrap	discovery.http-client.timeout-concurrency                                               1                                                                          1                                                                          Number of concurrent locks for timeout
2026-07-29T13:23:07.006Z	INFO	main	Bootstrap	discovery.http-client.timeout-threads                                                   1                                                                          1                                                                          Total number of timeout threads
2026-07-29T13:23:07.006Z	INFO	main	Bootstrap	discovery.http-client.trust-store-password                                              [REDACTED]                                                                 [REDACTED]
2026-07-29T13:23:07.006Z	INFO	main	Bootstrap	discovery.http-client.trust-store-path                                                  ----                                                                       ----
2026-07-29T13:23:07.006Z	INFO	main	Bootstrap	discovery.http-client.https.hostname-verification                                       true                                                                       true                                                                       Verify that server hostname matches the server certificate
2026-07-29T13:23:07.006Z	INFO	main	Bootstrap	dynamic.http-client.https.automatic-shared-secret                                       [REDACTED]                                                                 [REDACTED]
2026-07-29T13:23:07.006Z	INFO	main	Bootstrap	dynamic.http-client.use-blocking-connect                                                false                                                                      false
2026-07-29T13:23:07.006Z	INFO	main	Bootstrap	dynamic.http-client.connect-timeout                                                     5.00s                                                                      5.00s
2026-07-29T13:23:07.006Z	INFO	main	Bootstrap	dynamic.http-client.http2.enabled                                                       false                                                                      false                                                                      Enable the HTTP/2 transport
2026-07-29T13:23:07.006Z	INFO	main	Bootstrap	dynamic.http-client.http2.session-receive-window-size                                   16MB                                                                       16MB                                                                       Initial size of session's flow control receive window for HTTP/2
2026-07-29T13:23:07.006Z	INFO	main	Bootstrap	dynamic.http-client.http2.stream-receive-window-size                                    16MB                                                                       16MB                                                                       Initial size of stream's flow control receive window for HTTP/2
2026-07-29T13:23:07.006Z	INFO	main	Bootstrap	dynamic.http-client.http2.input-buffer-size                                             8kB                                                                        8kB                                                                        Size of the buffer used to read from the network for HTTP/2
2026-07-29T13:23:07.006Z	INFO	main	Bootstrap	dynamic.http-client.http-proxy                                                          ----                                                                       ----
2026-07-29T13:23:07.006Z	INFO	main	Bootstrap	dynamic.http-client.https.excluded-cipher                                               [^.*_(MD5|SHA|SHA1)$, ^TLS_RSA_.*$, ^SSL_.*$, ^.*_NULL_.*$, ^.*_anon_.*$]  [^.*_(MD5|SHA|SHA1)$, ^TLS_RSA_.*$, ^SSL_.*$, ^.*_NULL_.*$, ^.*_anon_.*$]  Setting this config property overwrites Jetty's default excluded cipher suites
2026-07-29T13:23:07.006Z	INFO	main	Bootstrap	dynamic.http-client.https.included-cipher                                               []                                                                         []
2026-07-29T13:23:07.006Z	INFO	main	Bootstrap	dynamic.http-client.idle-timeout                                                        1.00m                                                                      1.00m
2026-07-29T13:23:07.007Z	INFO	main	Bootstrap	dynamic.http-client.key-store-password                                                  [REDACTED]                                                                 [REDACTED]
2026-07-29T13:23:07.007Z	INFO	main	Bootstrap	dynamic.http-client.key-store-path                                                      ----                                                                       ----
2026-07-29T13:23:07.007Z	INFO	main	Bootstrap	dynamic.http-client.log.buffer-size                                                     1MB                                                                        1MB
2026-07-29T13:23:07.007Z	INFO	main	Bootstrap	dynamic.http-client.log.compression.enabled                                             true                                                                       true
2026-07-29T13:23:07.007Z	INFO	main	Bootstrap	dynamic.http-client.log.enabled                                                         false                                                                      false
2026-07-29T13:23:07.007Z	INFO	main	Bootstrap	dynamic.http-client.log.flush-interval                                                  10.00s                                                                     10.00s
2026-07-29T13:23:07.007Z	INFO	main	Bootstrap	dynamic.http-client.log.max-history                                                     15                                                                         15
2026-07-29T13:23:07.007Z	INFO	main	Bootstrap	dynamic.http-client.log.max-size                                                        1GB                                                                        1GB
2026-07-29T13:23:07.007Z	INFO	main	Bootstrap	dynamic.http-client.log.path                                                            var/log/                                                                   var/log/                                                                   The name of the log file will be prefixed with the name of the HTTP client (<client_name>-http-client.log)
2026-07-29T13:23:07.007Z	INFO	main	Bootstrap	dynamic.http-client.log.queue-size                                                      10000                                                                      10000
2026-07-29T13:23:07.007Z	INFO	main	Bootstrap	dynamic.http-client.max-connections-per-server                                          20                                                                         20
2026-07-29T13:23:07.007Z	INFO	main	Bootstrap	dynamic.http-client.max-content-length                                                  16MB                                                                       16MB
2026-07-29T13:23:07.007Z	INFO	main	Bootstrap	dynamic.http-client.max-requests-queued-per-destination                                 1024                                                                       1024
2026-07-29T13:23:07.007Z	INFO	main	Bootstrap	dynamic.http-client.max-threads                                                         200                                                                        200
2026-07-29T13:23:07.007Z	INFO	main	Bootstrap	dynamic.http-client.min-threads                                                         8                                                                          8
2026-07-29T13:23:07.007Z	INFO	main	Bootstrap	dynamic.http-client.record-request-complete                                             true                                                                       true
2026-07-29T13:23:07.008Z	INFO	main	Bootstrap	dynamic.http-client.request-buffer-size                                                 4kB                                                                        4kB
2026-07-29T13:23:07.008Z	INFO	main	Bootstrap	dynamic.http-client.request-timeout                                                     5.00m                                                                      5.00m
2026-07-29T13:23:07.008Z	INFO	main	Bootstrap	dynamic.http-client.response-buffer-size                                                16kB                                                                       16kB
2026-07-29T13:23:07.008Z	INFO	main	Bootstrap	dynamic.http-client.http-proxy.secure                                                   false                                                                      false
2026-07-29T13:23:07.008Z	INFO	main	Bootstrap	dynamic.http-client.secure-random-algorithm                                             ----                                                                       ----
2026-07-29T13:23:07.008Z	INFO	main	Bootstrap	dynamic.http-client.selector-count                                                      2                                                                          2
2026-07-29T13:23:07.008Z	INFO	main	Bootstrap	dynamic.http-client.socks-proxy                                                         ----                                                                       ----
2026-07-29T13:23:07.008Z	INFO	main	Bootstrap	dynamic.http-client.tcp-keep-alive-idle-time                                            ----                                                                       ----
2026-07-29T13:23:07.008Z	INFO	main	Bootstrap	dynamic.http-client.timeout-concurrency                                                 1                                                                          1                                                                          Number of concurrent locks for timeout
2026-07-29T13:23:07.008Z	INFO	main	Bootstrap	dynamic.http-client.timeout-threads                                                     1                                                                          1                                                                          Total number of timeout threads
2026-07-29T13:23:07.008Z	INFO	main	Bootstrap	dynamic.http-client.trust-store-password                                                [REDACTED]                                                                 [REDACTED]
2026-07-29T13:23:07.008Z	INFO	main	Bootstrap	dynamic.http-client.trust-store-path                                                    ----                                                                       ----
2026-07-29T13:23:07.008Z	INFO	main	Bootstrap	dynamic.http-client.https.hostname-verification                                         true                                                                       true                                                                       Verify that server hostname matches the server certificate
2026-07-29T13:23:07.008Z	INFO	main	Bootstrap	failure-detector.http-client.https.automatic-shared-secret                              [REDACTED]                                                                 [REDACTED]
2026-07-29T13:23:07.008Z	INFO	main	Bootstrap	failure-detector.http-client.use-blocking-connect                                       false                                                                      false
2026-07-29T13:23:07.008Z	INFO	main	Bootstrap	failure-detector.http-client.connect-timeout                                            5.00s                                                                      5.00s
2026-07-29T13:23:07.009Z	INFO	main	Bootstrap	failure-detector.http-client.http2.enabled                                              false                                                                      false                                                                      Enable the HTTP/2 transport
2026-07-29T13:23:07.009Z	INFO	main	Bootstrap	failure-detector.http-client.http2.session-receive-window-size                          16MB                                                                       16MB                                                                       Initial size of session's flow control receive window for HTTP/2
2026-07-29T13:23:07.009Z	INFO	main	Bootstrap	failure-detector.http-client.http2.stream-receive-window-size                           16MB                                                                       16MB                                                                       Initial size of stream's flow control receive window for HTTP/2
2026-07-29T13:23:07.009Z	INFO	main	Bootstrap	failure-detector.http-client.http2.input-buffer-size                                    8kB                                                                        8kB                                                                        Size of the buffer used to read from the network for HTTP/2
2026-07-29T13:23:07.009Z	INFO	main	Bootstrap	failure-detector.http-client.http-proxy                                                 ----                                                                       ----
2026-07-29T13:23:07.009Z	INFO	main	Bootstrap	failure-detector.http-client.https.excluded-cipher                                      [^.*_(MD5|SHA|SHA1)$, ^TLS_RSA_.*$, ^SSL_.*$, ^.*_NULL_.*$, ^.*_anon_.*$]  [^.*_(MD5|SHA|SHA1)$, ^TLS_RSA_.*$, ^SSL_.*$, ^.*_NULL_.*$, ^.*_anon_.*$]  Setting this config property overwrites Jetty's default excluded cipher suites
2026-07-29T13:23:07.009Z	INFO	main	Bootstrap	failure-detector.http-client.https.included-cipher                                      []                                                                         []
2026-07-29T13:23:07.009Z	INFO	main	Bootstrap	failure-detector.http-client.idle-timeout                                               1.00m                                                                      1.00m
2026-07-29T13:23:07.009Z	INFO	main	Bootstrap	failure-detector.http-client.key-store-password                                         [REDACTED]                                                                 [REDACTED]
2026-07-29T13:23:07.009Z	INFO	main	Bootstrap	failure-detector.http-client.key-store-path                                             ----                                                                       ----
2026-07-29T13:23:07.009Z	INFO	main	Bootstrap	failure-detector.http-client.log.buffer-size                                            1MB                                                                        1MB
2026-07-29T13:23:07.009Z	INFO	main	Bootstrap	failure-detector.http-client.log.compression.enabled                                    true                                                                       true
2026-07-29T13:23:07.009Z	INFO	main	Bootstrap	failure-detector.http-client.log.enabled                                                false                                                                      false
2026-07-29T13:23:07.009Z	INFO	main	Bootstrap	failure-detector.http-client.log.flush-interval                                         10.00s                                                                     10.00s
2026-07-29T13:23:07.009Z	INFO	main	Bootstrap	failure-detector.http-client.log.max-history                                            15                                                                         15
2026-07-29T13:23:07.009Z	INFO	main	Bootstrap	failure-detector.http-client.log.max-size                                               1GB                                                                        1GB
2026-07-29T13:23:07.009Z	INFO	main	Bootstrap	failure-detector.http-client.log.path                                                   var/log/                                                                   var/log/                                                                   The name of the log file will be prefixed with the name of the HTTP client (<client_name>-http-client.log)
2026-07-29T13:23:07.009Z	INFO	main	Bootstrap	failure-detector.http-client.log.queue-size                                             10000                                                                      10000
2026-07-29T13:23:07.009Z	INFO	main	Bootstrap	failure-detector.http-client.max-connections-per-server                                 20                                                                         20
2026-07-29T13:23:07.009Z	INFO	main	Bootstrap	failure-detector.http-client.max-content-length                                         16MB                                                                       16MB
2026-07-29T13:23:07.009Z	INFO	main	Bootstrap	failure-detector.http-client.max-requests-queued-per-destination                        1024                                                                       1024
2026-07-29T13:23:07.009Z	INFO	main	Bootstrap	failure-detector.http-client.max-threads                                                200                                                                        200
2026-07-29T13:23:07.009Z	INFO	main	Bootstrap	failure-detector.http-client.min-threads                                                8                                                                          8
2026-07-29T13:23:07.010Z	INFO	main	Bootstrap	failure-detector.http-client.record-request-complete                                    true                                                                       true
2026-07-29T13:23:07.010Z	INFO	main	Bootstrap	failure-detector.http-client.request-buffer-size                                        4kB                                                                        4kB
2026-07-29T13:23:07.010Z	INFO	main	Bootstrap	failure-detector.http-client.request-timeout                                            5.00m                                                                      5.00m
2026-07-29T13:23:07.010Z	INFO	main	Bootstrap	failure-detector.http-client.response-buffer-size                                       16kB                                                                       16kB
2026-07-29T13:23:07.011Z	INFO	main	Bootstrap	failure-detector.http-client.http-proxy.secure                                          false                                                                      false
2026-07-29T13:23:07.011Z	INFO	main	Bootstrap	failure-detector.http-client.secure-random-algorithm                                    ----                                                                       ----
2026-07-29T13:23:07.011Z	INFO	main	Bootstrap	failure-detector.http-client.selector-count                                             2                                                                          2
2026-07-29T13:23:07.011Z	INFO	main	Bootstrap	failure-detector.http-client.socks-proxy                                                ----                                                                       ----
2026-07-29T13:23:07.011Z	INFO	main	Bootstrap	failure-detector.http-client.tcp-keep-alive-idle-time                                   ----                                                                       ----
2026-07-29T13:23:07.011Z	INFO	main	Bootstrap	failure-detector.http-client.timeout-concurrency                                        1                                                                          1                                                                          Number of concurrent locks for timeout
2026-07-29T13:23:07.011Z	INFO	main	Bootstrap	failure-detector.http-client.timeout-threads                                            1                                                                          1                                                                          Total number of timeout threads
2026-07-29T13:23:07.011Z	INFO	main	Bootstrap	failure-detector.http-client.trust-store-password                                       [REDACTED]                                                                 [REDACTED]
2026-07-29T13:23:07.011Z	INFO	main	Bootstrap	failure-detector.http-client.trust-store-path                                           ----                                                                       ----
2026-07-29T13:23:07.011Z	INFO	main	Bootstrap	failure-detector.http-client.https.hostname-verification                                true                                                                       true                                                                       Verify that server hostname matches the server certificate
2026-07-29T13:23:07.011Z	INFO	main	Bootstrap	memoryManager.http-client.https.automatic-shared-secret                                 [REDACTED]                                                                 [REDACTED]
2026-07-29T13:23:07.011Z	INFO	main	Bootstrap	memoryManager.http-client.use-blocking-connect                                          false                                                                      false
2026-07-29T13:23:07.011Z	INFO	main	Bootstrap	memoryManager.http-client.connect-timeout                                               5.00s                                                                      5.00s
2026-07-29T13:23:07.011Z	INFO	main	Bootstrap	memoryManager.http-client.http2.enabled                                                 false                                                                      false                                                                      Enable the HTTP/2 transport
2026-07-29T13:23:07.011Z	INFO	main	Bootstrap	memoryManager.http-client.http2.session-receive-window-size                             16MB                                                                       16MB                                                                       Initial size of session's flow control receive window for HTTP/2
2026-07-29T13:23:07.011Z	INFO	main	Bootstrap	memoryManager.http-client.http2.stream-receive-window-size                              16MB                                                                       16MB                                                                       Initial size of stream's flow control receive window for HTTP/2
2026-07-29T13:23:07.011Z	INFO	main	Bootstrap	memoryManager.http-client.http2.input-buffer-size                                       8kB                                                                        8kB                                                                        Size of the buffer used to read from the network for HTTP/2
2026-07-29T13:23:07.012Z	INFO	main	Bootstrap	memoryManager.http-client.http-proxy                                                    ----                                                                       ----
2026-07-29T13:23:07.012Z	INFO	main	Bootstrap	memoryManager.http-client.https.excluded-cipher                                         [^.*_(MD5|SHA|SHA1)$, ^TLS_RSA_.*$, ^SSL_.*$, ^.*_NULL_.*$, ^.*_anon_.*$]  [^.*_(MD5|SHA|SHA1)$, ^TLS_RSA_.*$, ^SSL_.*$, ^.*_NULL_.*$, ^.*_anon_.*$]  Setting this config property overwrites Jetty's default excluded cipher suites
2026-07-29T13:23:07.012Z	INFO	main	Bootstrap	memoryManager.http-client.https.included-cipher                                         []                                                                         []
2026-07-29T13:23:07.012Z	INFO	main	Bootstrap	memoryManager.http-client.idle-timeout                                                  30.00s                                                                     30.00s
2026-07-29T13:23:07.012Z	INFO	main	Bootstrap	memoryManager.http-client.key-store-password                                            [REDACTED]                                                                 [REDACTED]
2026-07-29T13:23:07.012Z	INFO	main	Bootstrap	memoryManager.http-client.key-store-path                                                ----                                                                       ----
2026-07-29T13:23:07.012Z	INFO	main	Bootstrap	memoryManager.http-client.log.buffer-size                                               1MB                                                                        1MB
2026-07-29T13:23:07.012Z	INFO	main	Bootstrap	memoryManager.http-client.log.compression.enabled                                       true                                                                       true
2026-07-29T13:23:07.012Z	INFO	main	Bootstrap	memoryManager.http-client.log.enabled                                                   false                                                                      false
2026-07-29T13:23:07.012Z	INFO	main	Bootstrap	memoryManager.http-client.log.flush-interval                                            10.00s                                                                     10.00s
2026-07-29T13:23:07.012Z	INFO	main	Bootstrap	memoryManager.http-client.log.max-history                                               15                                                                         15
2026-07-29T13:23:07.012Z	INFO	main	Bootstrap	memoryManager.http-client.log.max-size                                                  1GB                                                                        1GB
2026-07-29T13:23:07.012Z	INFO	main	Bootstrap	memoryManager.http-client.log.path                                                      var/log/                                                                   var/log/                                                                   The name of the log file will be prefixed with the name of the HTTP client (<client_name>-http-client.log)
2026-07-29T13:23:07.012Z	INFO	main	Bootstrap	memoryManager.http-client.log.queue-size                                                10000                                                                      10000
2026-07-29T13:23:07.013Z	INFO	main	Bootstrap	memoryManager.http-client.max-connections-per-server                                    20                                                                         20
2026-07-29T13:23:07.013Z	INFO	main	Bootstrap	memoryManager.http-client.max-content-length                                            16MB                                                                       16MB
2026-07-29T13:23:07.013Z	INFO	main	Bootstrap	memoryManager.http-client.max-requests-queued-per-destination                           1024                                                                       1024
2026-07-29T13:23:07.013Z	INFO	main	Bootstrap	memoryManager.http-client.max-threads                                                   200                                                                        200
2026-07-29T13:23:07.013Z	INFO	main	Bootstrap	memoryManager.http-client.min-threads                                                   8                                                                          8
2026-07-29T13:23:07.013Z	INFO	main	Bootstrap	memoryManager.http-client.record-request-complete                                       true                                                                       true
2026-07-29T13:23:07.013Z	INFO	main	Bootstrap	memoryManager.http-client.request-buffer-size                                           4kB                                                                        4kB
2026-07-29T13:23:07.013Z	INFO	main	Bootstrap	memoryManager.http-client.request-timeout                                               10.00s                                                                     10.00s
2026-07-29T13:23:07.013Z	INFO	main	Bootstrap	memoryManager.http-client.response-buffer-size                                          16kB                                                                       16kB
2026-07-29T13:23:07.013Z	INFO	main	Bootstrap	memoryManager.http-client.http-proxy.secure                                             false                                                                      false
2026-07-29T13:23:07.013Z	INFO	main	Bootstrap	memoryManager.http-client.secure-random-algorithm                                       ----                                                                       ----
2026-07-29T13:23:07.013Z	INFO	main	Bootstrap	memoryManager.http-client.selector-count                                                2                                                                          2
2026-07-29T13:23:07.013Z	INFO	main	Bootstrap	memoryManager.http-client.socks-proxy                                                   ----                                                                       ----
2026-07-29T13:23:07.013Z	INFO	main	Bootstrap	memoryManager.http-client.tcp-keep-alive-idle-time                                      ----                                                                       ----
2026-07-29T13:23:07.013Z	INFO	main	Bootstrap	memoryManager.http-client.timeout-concurrency                                           1                                                                          1                                                                          Number of concurrent locks for timeout
2026-07-29T13:23:07.013Z	INFO	main	Bootstrap	memoryManager.http-client.timeout-threads                                               1                                                                          1                                                                          Total number of timeout threads
2026-07-29T13:23:07.013Z	INFO	main	Bootstrap	memoryManager.http-client.trust-store-password                                          [REDACTED]                                                                 [REDACTED]
2026-07-29T13:23:07.013Z	INFO	main	Bootstrap	memoryManager.http-client.trust-store-path                                              ----                                                                       ----
2026-07-29T13:23:07.013Z	INFO	main	Bootstrap	memoryManager.http-client.https.hostname-verification                                   true                                                                       true                                                                       Verify that server hostname matches the server certificate
2026-07-29T13:23:07.013Z	INFO	main	Bootstrap	node-manager.http-client.https.automatic-shared-secret                                  [REDACTED]                                                                 [REDACTED]
2026-07-29T13:23:07.013Z	INFO	main	Bootstrap	node-manager.http-client.use-blocking-connect                                           false                                                                      false
2026-07-29T13:23:07.013Z	INFO	main	Bootstrap	node-manager.http-client.connect-timeout                                                5.00s                                                                      5.00s
2026-07-29T13:23:07.013Z	INFO	main	Bootstrap	node-manager.http-client.http2.enabled                                                  false                                                                      false                                                                      Enable the HTTP/2 transport
2026-07-29T13:23:07.013Z	INFO	main	Bootstrap	node-manager.http-client.http2.session-receive-window-size                              16MB                                                                       16MB                                                                       Initial size of session's flow control receive window for HTTP/2
2026-07-29T13:23:07.013Z	INFO	main	Bootstrap	node-manager.http-client.http2.stream-receive-window-size                               16MB                                                                       16MB                                                                       Initial size of stream's flow control receive window for HTTP/2
2026-07-29T13:23:07.013Z	INFO	main	Bootstrap	node-manager.http-client.http2.input-buffer-size                                        8kB                                                                        8kB                                                                        Size of the buffer used to read from the network for HTTP/2
2026-07-29T13:23:07.013Z	INFO	main	Bootstrap	node-manager.http-client.http-proxy                                                     ----                                                                       ----
2026-07-29T13:23:07.013Z	INFO	main	Bootstrap	node-manager.http-client.https.excluded-cipher                                          [^.*_(MD5|SHA|SHA1)$, ^TLS_RSA_.*$, ^SSL_.*$, ^.*_NULL_.*$, ^.*_anon_.*$]  [^.*_(MD5|SHA|SHA1)$, ^TLS_RSA_.*$, ^SSL_.*$, ^.*_NULL_.*$, ^.*_anon_.*$]  Setting this config property overwrites Jetty's default excluded cipher suites
2026-07-29T13:23:07.014Z	INFO	main	Bootstrap	node-manager.http-client.https.included-cipher                                          []                                                                         []
2026-07-29T13:23:07.014Z	INFO	main	Bootstrap	node-manager.http-client.idle-timeout                                                   30.00s                                                                     30.00s
2026-07-29T13:23:07.014Z	INFO	main	Bootstrap	node-manager.http-client.key-store-password                                             [REDACTED]                                                                 [REDACTED]
2026-07-29T13:23:07.014Z	INFO	main	Bootstrap	node-manager.http-client.key-store-path                                                 ----                                                                       ----
2026-07-29T13:23:07.014Z	INFO	main	Bootstrap	node-manager.http-client.log.buffer-size                                                1MB                                                                        1MB
2026-07-29T13:23:07.014Z	INFO	main	Bootstrap	node-manager.http-client.log.compression.enabled                                        true                                                                       true
2026-07-29T13:23:07.014Z	INFO	main	Bootstrap	node-manager.http-client.log.enabled                                                    false                                                                      false
2026-07-29T13:23:07.014Z	INFO	main	Bootstrap	node-manager.http-client.log.flush-interval                                             10.00s                                                                     10.00s
2026-07-29T13:23:07.014Z	INFO	main	Bootstrap	node-manager.http-client.log.max-history                                                15                                                                         15
2026-07-29T13:23:07.014Z	INFO	main	Bootstrap	node-manager.http-client.log.max-size                                                   1GB                                                                        1GB
2026-07-29T13:23:07.014Z	INFO	main	Bootstrap	node-manager.http-client.log.path                                                       var/log/                                                                   var/log/                                                                   The name of the log file will be prefixed with the name of the HTTP client (<client_name>-http-client.log)
2026-07-29T13:23:07.014Z	INFO	main	Bootstrap	node-manager.http-client.log.queue-size                                                 10000                                                                      10000
2026-07-29T13:23:07.014Z	INFO	main	Bootstrap	node-manager.http-client.max-connections-per-server                                     20                                                                         20
2026-07-29T13:23:07.014Z	INFO	main	Bootstrap	node-manager.http-client.max-content-length                                             16MB                                                                       16MB
2026-07-29T13:23:07.014Z	INFO	main	Bootstrap	node-manager.http-client.max-requests-queued-per-destination                            1024                                                                       1024
2026-07-29T13:23:07.014Z	INFO	main	Bootstrap	node-manager.http-client.max-threads                                                    200                                                                        200
2026-07-29T13:23:07.014Z	INFO	main	Bootstrap	node-manager.http-client.min-threads                                                    8                                                                          8
2026-07-29T13:23:07.014Z	INFO	main	Bootstrap	node-manager.http-client.record-request-complete                                        true                                                                       true
2026-07-29T13:23:07.014Z	INFO	main	Bootstrap	node-manager.http-client.request-buffer-size                                            4kB                                                                        4kB
2026-07-29T13:23:07.014Z	INFO	main	Bootstrap	node-manager.http-client.request-timeout                                                10.00s                                                                     10.00s
2026-07-29T13:23:07.014Z	INFO	main	Bootstrap	node-manager.http-client.response-buffer-size                                           16kB                                                                       16kB
2026-07-29T13:23:07.014Z	INFO	main	Bootstrap	node-manager.http-client.http-proxy.secure                                              false                                                                      false
2026-07-29T13:23:07.014Z	INFO	main	Bootstrap	node-manager.http-client.secure-random-algorithm                                        ----                                                                       ----
2026-07-29T13:23:07.014Z	INFO	main	Bootstrap	node-manager.http-client.selector-count                                                 2                                                                          2
2026-07-29T13:23:07.014Z	INFO	main	Bootstrap	node-manager.http-client.socks-proxy                                                    ----                                                                       ----
2026-07-29T13:23:07.014Z	INFO	main	Bootstrap	node-manager.http-client.tcp-keep-alive-idle-time                                       ----                                                                       ----
2026-07-29T13:23:07.014Z	INFO	main	Bootstrap	node-manager.http-client.timeout-concurrency                                            1                                                                          1                                                                          Number of concurrent locks for timeout
2026-07-29T13:23:07.014Z	INFO	main	Bootstrap	node-manager.http-client.timeout-threads                                                1                                                                          1                                                                          Total number of timeout threads
2026-07-29T13:23:07.014Z	INFO	main	Bootstrap	node-manager.http-client.trust-store-password                                           [REDACTED]                                                                 [REDACTED]
2026-07-29T13:23:07.014Z	INFO	main	Bootstrap	node-manager.http-client.trust-store-path                                               ----                                                                       ----
2026-07-29T13:23:07.014Z	INFO	main	Bootstrap	node-manager.http-client.https.hostname-verification                                    true                                                                       true                                                                       Verify that server hostname matches the server certificate
2026-07-29T13:23:07.015Z	INFO	main	Bootstrap	exchange.http-client.https.automatic-shared-secret                                      [REDACTED]                                                                 [REDACTED]
2026-07-29T13:23:07.015Z	INFO	main	Bootstrap	exchange.http-client.use-blocking-connect                                               false                                                                      false
2026-07-29T13:23:07.015Z	INFO	main	Bootstrap	exchange.http-client.connect-timeout                                                    5.00s                                                                      5.00s
2026-07-29T13:23:07.015Z	INFO	main	Bootstrap	exchange.http-client.http2.enabled                                                      false                                                                      false                                                                      Enable the HTTP/2 transport
2026-07-29T13:23:07.015Z	INFO	main	Bootstrap	exchange.http-client.http2.session-receive-window-size                                  16MB                                                                       16MB                                                                       Initial size of session's flow control receive window for HTTP/2
2026-07-29T13:23:07.015Z	INFO	main	Bootstrap	exchange.http-client.http2.stream-receive-window-size                                   16MB                                                                       16MB                                                                       Initial size of stream's flow control receive window for HTTP/2
2026-07-29T13:23:07.015Z	INFO	main	Bootstrap	exchange.http-client.http2.input-buffer-size                                            8kB                                                                        8kB                                                                        Size of the buffer used to read from the network for HTTP/2
2026-07-29T13:23:07.015Z	INFO	main	Bootstrap	exchange.http-client.http-proxy                                                         ----                                                                       ----
2026-07-29T13:23:07.015Z	INFO	main	Bootstrap	exchange.http-client.https.excluded-cipher                                              [^.*_(MD5|SHA|SHA1)$, ^TLS_RSA_.*$, ^SSL_.*$, ^.*_NULL_.*$, ^.*_anon_.*$]  [^.*_(MD5|SHA|SHA1)$, ^TLS_RSA_.*$, ^SSL_.*$, ^.*_NULL_.*$, ^.*_anon_.*$]  Setting this config property overwrites Jetty's default excluded cipher suites
2026-07-29T13:23:07.015Z	INFO	main	Bootstrap	exchange.http-client.https.included-cipher                                              []                                                                         []
2026-07-29T13:23:07.015Z	INFO	main	Bootstrap	exchange.http-client.idle-timeout                                                       30.00s                                                                     30.00s
2026-07-29T13:23:07.015Z	INFO	main	Bootstrap	exchange.http-client.key-store-password                                                 [REDACTED]                                                                 [REDACTED]
2026-07-29T13:23:07.015Z	INFO	main	Bootstrap	exchange.http-client.key-store-path                                                     ----                                                                       ----
2026-07-29T13:23:07.015Z	INFO	main	Bootstrap	exchange.http-client.log.buffer-size                                                    1MB                                                                        1MB
2026-07-29T13:23:07.015Z	INFO	main	Bootstrap	exchange.http-client.log.compression.enabled                                            true                                                                       true
2026-07-29T13:23:07.015Z	INFO	main	Bootstrap	exchange.http-client.log.enabled                                                        false                                                                      false
2026-07-29T13:23:07.015Z	INFO	main	Bootstrap	exchange.http-client.log.flush-interval                                                 10.00s                                                                     10.00s
2026-07-29T13:23:07.015Z	INFO	main	Bootstrap	exchange.http-client.log.max-history                                                    15                                                                         15
2026-07-29T13:23:07.015Z	INFO	main	Bootstrap	exchange.http-client.log.max-size                                                       1GB                                                                        1GB
2026-07-29T13:23:07.015Z	INFO	main	Bootstrap	exchange.http-client.log.path                                                           var/log/                                                                   var/log/                                                                   The name of the log file will be prefixed with the name of the HTTP client (<client_name>-http-client.log)
2026-07-29T13:23:07.015Z	INFO	main	Bootstrap	exchange.http-client.log.queue-size                                                     10000                                                                      10000
2026-07-29T13:23:07.015Z	INFO	main	Bootstrap	exchange.http-client.max-connections-per-server                                         250                                                                        250
2026-07-29T13:23:07.016Z	INFO	main	Bootstrap	exchange.http-client.max-content-length                                                 32MB                                                                       32MB
2026-07-29T13:23:07.016Z	INFO	main	Bootstrap	exchange.http-client.max-requests-queued-per-destination                                1024                                                                       1024
2026-07-29T13:23:07.016Z	INFO	main	Bootstrap	exchange.http-client.max-threads                                                        200                                                                        200
2026-07-29T13:23:07.016Z	INFO	main	Bootstrap	exchange.http-client.min-threads                                                        8                                                                          8
2026-07-29T13:23:07.016Z	INFO	main	Bootstrap	exchange.http-client.record-request-complete                                            true                                                                       true
2026-07-29T13:23:07.016Z	INFO	main	Bootstrap	exchange.http-client.request-buffer-size                                                4kB                                                                        4kB
2026-07-29T13:23:07.016Z	INFO	main	Bootstrap	exchange.http-client.request-timeout                                                    10.00s                                                                     10.00s
2026-07-29T13:23:07.016Z	INFO	main	Bootstrap	exchange.http-client.response-buffer-size                                               16kB                                                                       16kB
2026-07-29T13:23:07.016Z	INFO	main	Bootstrap	exchange.http-client.http-proxy.secure                                                  false                                                                      false
2026-07-29T13:23:07.016Z	INFO	main	Bootstrap	exchange.http-client.secure-random-algorithm                                            ----                                                                       ----
2026-07-29T13:23:07.016Z	INFO	main	Bootstrap	exchange.http-client.selector-count                                                     2                                                                          2
2026-07-29T13:23:07.016Z	INFO	main	Bootstrap	exchange.http-client.socks-proxy                                                        ----                                                                       ----
2026-07-29T13:23:07.017Z	INFO	main	Bootstrap	exchange.http-client.tcp-keep-alive-idle-time                                           ----                                                                       ----
2026-07-29T13:23:07.017Z	INFO	main	Bootstrap	exchange.http-client.timeout-concurrency                                                1                                                                          1                                                                          Number of concurrent locks for timeout
2026-07-29T13:23:07.017Z	INFO	main	Bootstrap	exchange.http-client.timeout-threads                                                    1                                                                          1                                                                          Total number of timeout threads
2026-07-29T13:23:07.018Z	INFO	main	Bootstrap	exchange.http-client.trust-store-password                                               [REDACTED]                                                                 [REDACTED]
2026-07-29T13:23:07.019Z	INFO	main	Bootstrap	exchange.http-client.trust-store-path                                                   ----                                                                       ----
2026-07-29T13:23:07.019Z	INFO	main	Bootstrap	exchange.http-client.https.hostname-verification                                        true                                                                       true                                                                       Verify that server hostname matches the server certificate
2026-07-29T13:23:07.019Z	INFO	main	Bootstrap	scheduler.http-client.https.automatic-shared-secret                                     [REDACTED]                                                                 [REDACTED]
2026-07-29T13:23:07.019Z	INFO	main	Bootstrap	scheduler.http-client.use-blocking-connect                                              false                                                                      false
2026-07-29T13:23:07.019Z	INFO	main	Bootstrap	scheduler.http-client.connect-timeout                                                   5.00s                                                                      5.00s
2026-07-29T13:23:07.019Z	INFO	main	Bootstrap	scheduler.http-client.http2.enabled                                                     false                                                                      false                                                                      Enable the HTTP/2 transport
2026-07-29T13:23:07.019Z	INFO	main	Bootstrap	scheduler.http-client.http2.session-receive-window-size                                 16MB                                                                       16MB                                                                       Initial size of session's flow control receive window for HTTP/2
2026-07-29T13:23:07.019Z	INFO	main	Bootstrap	scheduler.http-client.http2.stream-receive-window-size                                  16MB                                                                       16MB                                                                       Initial size of stream's flow control receive window for HTTP/2
2026-07-29T13:23:07.019Z	INFO	main	Bootstrap	scheduler.http-client.http2.input-buffer-size                                           8kB                                                                        8kB                                                                        Size of the buffer used to read from the network for HTTP/2
2026-07-29T13:23:07.019Z	INFO	main	Bootstrap	scheduler.http-client.http-proxy                                                        ----                                                                       ----
2026-07-29T13:23:07.019Z	INFO	main	Bootstrap	scheduler.http-client.https.excluded-cipher                                             [^.*_(MD5|SHA|SHA1)$, ^TLS_RSA_.*$, ^SSL_.*$, ^.*_NULL_.*$, ^.*_anon_.*$]  [^.*_(MD5|SHA|SHA1)$, ^TLS_RSA_.*$, ^SSL_.*$, ^.*_NULL_.*$, ^.*_anon_.*$]  Setting this config property overwrites Jetty's default excluded cipher suites
2026-07-29T13:23:07.019Z	INFO	main	Bootstrap	scheduler.http-client.https.included-cipher                                             []                                                                         []
2026-07-29T13:23:07.019Z	INFO	main	Bootstrap	scheduler.http-client.idle-timeout                                                      60.00s                                                                     60.00s
2026-07-29T13:23:07.019Z	INFO	main	Bootstrap	scheduler.http-client.key-store-password                                                [REDACTED]                                                                 [REDACTED]
2026-07-29T13:23:07.019Z	INFO	main	Bootstrap	scheduler.http-client.key-store-path                                                    ----                                                                       ----
2026-07-29T13:23:07.019Z	INFO	main	Bootstrap	scheduler.http-client.log.buffer-size                                                   1MB                                                                        1MB
2026-07-29T13:23:07.019Z	INFO	main	Bootstrap	scheduler.http-client.log.compression.enabled                                           true                                                                       true
2026-07-29T13:23:07.019Z	INFO	main	Bootstrap	scheduler.http-client.log.enabled                                                       false                                                                      false
2026-07-29T13:23:07.019Z	INFO	main	Bootstrap	scheduler.http-client.log.flush-interval                                                10.00s                                                                     10.00s
2026-07-29T13:23:07.019Z	INFO	main	Bootstrap	scheduler.http-client.log.max-history                                                   15                                                                         15
2026-07-29T13:23:07.019Z	INFO	main	Bootstrap	scheduler.http-client.log.max-size                                                      1GB                                                                        1GB
2026-07-29T13:23:07.019Z	INFO	main	Bootstrap	scheduler.http-client.log.path                                                          var/log/                                                                   var/log/                                                                   The name of the log file will be prefixed with the name of the HTTP client (<client_name>-http-client.log)
2026-07-29T13:23:07.019Z	INFO	main	Bootstrap	scheduler.http-client.log.queue-size                                                    10000                                                                      10000
2026-07-29T13:23:07.020Z	INFO	main	Bootstrap	scheduler.http-client.max-connections-per-server                                        250                                                                        250
2026-07-29T13:23:07.020Z	INFO	main	Bootstrap	scheduler.http-client.max-content-length                                                16MB                                                                       16MB
2026-07-29T13:23:07.020Z	INFO	main	Bootstrap	scheduler.http-client.max-requests-queued-per-destination                               1024                                                                       1024
2026-07-29T13:23:07.020Z	INFO	main	Bootstrap	scheduler.http-client.max-threads                                                       200                                                                        200
2026-07-29T13:23:07.020Z	INFO	main	Bootstrap	scheduler.http-client.min-threads                                                       8                                                                          8
2026-07-29T13:23:07.020Z	INFO	main	Bootstrap	scheduler.http-client.record-request-complete                                           true                                                                       true
2026-07-29T13:23:07.020Z	INFO	main	Bootstrap	scheduler.http-client.request-buffer-size                                               4kB                                                                        4kB
2026-07-29T13:23:07.020Z	INFO	main	Bootstrap	scheduler.http-client.request-timeout                                                   20.00s                                                                     20.00s
2026-07-29T13:23:07.020Z	INFO	main	Bootstrap	scheduler.http-client.response-buffer-size                                              16kB                                                                       16kB
2026-07-29T13:23:07.020Z	INFO	main	Bootstrap	scheduler.http-client.http-proxy.secure                                                 false                                                                      false
2026-07-29T13:23:07.020Z	INFO	main	Bootstrap	scheduler.http-client.secure-random-algorithm                                           ----                                                                       ----
2026-07-29T13:23:07.020Z	INFO	main	Bootstrap	scheduler.http-client.selector-count                                                    2                                                                          2
2026-07-29T13:23:07.020Z	INFO	main	Bootstrap	scheduler.http-client.socks-proxy                                                       ----                                                                       ----
2026-07-29T13:23:07.020Z	INFO	main	Bootstrap	scheduler.http-client.tcp-keep-alive-idle-time                                          ----                                                                       ----
2026-07-29T13:23:07.020Z	INFO	main	Bootstrap	scheduler.http-client.timeout-concurrency                                               1                                                                          1                                                                          Number of concurrent locks for timeout
2026-07-29T13:23:07.020Z	INFO	main	Bootstrap	scheduler.http-client.timeout-threads                                                   1                                                                          1                                                                          Total number of timeout threads
2026-07-29T13:23:07.020Z	INFO	main	Bootstrap	scheduler.http-client.trust-store-password                                              [REDACTED]                                                                 [REDACTED]
2026-07-29T13:23:07.020Z	INFO	main	Bootstrap	scheduler.http-client.trust-store-path                                                  ----                                                                       ----
2026-07-29T13:23:07.020Z	INFO	main	Bootstrap	scheduler.http-client.https.hostname-verification                                       true                                                                       true                                                                       Verify that server hostname matches the server certificate
2026-07-29T13:23:07.020Z	INFO	main	Bootstrap	workerInfo.http-client.https.automatic-shared-secret                                    [REDACTED]                                                                 [REDACTED]
2026-07-29T13:23:07.020Z	INFO	main	Bootstrap	workerInfo.http-client.use-blocking-connect                                             false                                                                      false
2026-07-29T13:23:07.020Z	INFO	main	Bootstrap	workerInfo.http-client.connect-timeout                                                  5.00s                                                                      5.00s
2026-07-29T13:23:07.020Z	INFO	main	Bootstrap	workerInfo.http-client.http2.enabled                                                    false                                                                      false                                                                      Enable the HTTP/2 transport
2026-07-29T13:23:07.020Z	INFO	main	Bootstrap	workerInfo.http-client.http2.session-receive-window-size                                16MB                                                                       16MB                                                                       Initial size of session's flow control receive window for HTTP/2
2026-07-29T13:23:07.020Z	INFO	main	Bootstrap	workerInfo.http-client.http2.stream-receive-window-size                                 16MB                                                                       16MB                                                                       Initial size of stream's flow control receive window for HTTP/2
2026-07-29T13:23:07.020Z	INFO	main	Bootstrap	workerInfo.http-client.http2.input-buffer-size                                          8kB                                                                        8kB                                                                        Size of the buffer used to read from the network for HTTP/2
2026-07-29T13:23:07.020Z	INFO	main	Bootstrap	workerInfo.http-client.http-proxy                                                       ----                                                                       ----
2026-07-29T13:23:07.020Z	INFO	main	Bootstrap	workerInfo.http-client.https.excluded-cipher                                            [^.*_(MD5|SHA|SHA1)$, ^TLS_RSA_.*$, ^SSL_.*$, ^.*_NULL_.*$, ^.*_anon_.*$]  [^.*_(MD5|SHA|SHA1)$, ^TLS_RSA_.*$, ^SSL_.*$, ^.*_NULL_.*$, ^.*_anon_.*$]  Setting this config property overwrites Jetty's default excluded cipher suites
2026-07-29T13:23:07.020Z	INFO	main	Bootstrap	workerInfo.http-client.https.included-cipher                                            []                                                                         []
2026-07-29T13:23:07.020Z	INFO	main	Bootstrap	workerInfo.http-client.idle-timeout                                                     1.00m                                                                      1.00m
2026-07-29T13:23:07.020Z	INFO	main	Bootstrap	workerInfo.http-client.key-store-password                                               [REDACTED]                                                                 [REDACTED]
2026-07-29T13:23:07.020Z	INFO	main	Bootstrap	workerInfo.http-client.key-store-path                                                   ----                                                                       ----
2026-07-29T13:23:07.020Z	INFO	main	Bootstrap	workerInfo.http-client.log.buffer-size                                                  1MB                                                                        1MB
2026-07-29T13:23:07.020Z	INFO	main	Bootstrap	workerInfo.http-client.log.compression.enabled                                          true                                                                       true
2026-07-29T13:23:07.020Z	INFO	main	Bootstrap	workerInfo.http-client.log.enabled                                                      false                                                                      false
2026-07-29T13:23:07.020Z	INFO	main	Bootstrap	workerInfo.http-client.log.flush-interval                                               10.00s                                                                     10.00s
2026-07-29T13:23:07.020Z	INFO	main	Bootstrap	workerInfo.http-client.log.max-history                                                  15                                                                         15
2026-07-29T13:23:07.020Z	INFO	main	Bootstrap	workerInfo.http-client.log.max-size                                                     1GB                                                                        1GB
2026-07-29T13:23:07.020Z	INFO	main	Bootstrap	workerInfo.http-client.log.path                                                         var/log/                                                                   var/log/                                                                   The name of the log file will be prefixed with the name of the HTTP client (<client_name>-http-client.log)
2026-07-29T13:23:07.020Z	INFO	main	Bootstrap	workerInfo.http-client.log.queue-size                                                   10000                                                                      10000
2026-07-29T13:23:07.020Z	INFO	main	Bootstrap	workerInfo.http-client.max-connections-per-server                                       20                                                                         20
2026-07-29T13:23:07.020Z	INFO	main	Bootstrap	workerInfo.http-client.max-content-length                                               16MB                                                                       16MB
2026-07-29T13:23:07.020Z	INFO	main	Bootstrap	workerInfo.http-client.max-requests-queued-per-destination                              1024                                                                       1024
2026-07-29T13:23:07.020Z	INFO	main	Bootstrap	workerInfo.http-client.max-threads                                                      200                                                                        200
2026-07-29T13:23:07.020Z	INFO	main	Bootstrap	workerInfo.http-client.min-threads                                                      8                                                                          8
2026-07-29T13:23:07.020Z	INFO	main	Bootstrap	workerInfo.http-client.record-request-complete                                          true                                                                       true
2026-07-29T13:23:07.020Z	INFO	main	Bootstrap	workerInfo.http-client.request-buffer-size                                              4kB                                                                        4kB
2026-07-29T13:23:07.020Z	INFO	main	Bootstrap	workerInfo.http-client.request-timeout                                                  5.00m                                                                      5.00m
2026-07-29T13:23:07.020Z	INFO	main	Bootstrap	workerInfo.http-client.response-buffer-size                                             16kB                                                                       16kB
2026-07-29T13:23:07.020Z	INFO	main	Bootstrap	workerInfo.http-client.http-proxy.secure                                                false                                                                      false
2026-07-29T13:23:07.020Z	INFO	main	Bootstrap	workerInfo.http-client.secure-random-algorithm                                          ----                                                                       ----
2026-07-29T13:23:07.020Z	INFO	main	Bootstrap	workerInfo.http-client.selector-count                                                   2                                                                          2
2026-07-29T13:23:07.020Z	INFO	main	Bootstrap	workerInfo.http-client.socks-proxy                                                      ----                                                                       ----
2026-07-29T13:23:07.020Z	INFO	main	Bootstrap	workerInfo.http-client.tcp-keep-alive-idle-time                                         ----                                                                       ----
2026-07-29T13:23:07.020Z	INFO	main	Bootstrap	workerInfo.http-client.timeout-concurrency                                              1                                                                          1                                                                          Number of concurrent locks for timeout
2026-07-29T13:23:07.020Z	INFO	main	Bootstrap	workerInfo.http-client.timeout-threads                                                  1                                                                          1                                                                          Total number of timeout threads
2026-07-29T13:23:07.020Z	INFO	main	Bootstrap	workerInfo.http-client.trust-store-password                                             [REDACTED]                                                                 [REDACTED]
2026-07-29T13:23:07.020Z	INFO	main	Bootstrap	workerInfo.http-client.trust-store-path                                                 ----                                                                       ----
2026-07-29T13:23:07.020Z	INFO	main	Bootstrap	workerInfo.http-client.https.hostname-verification                                      true                                                                       true                                                                       Verify that server hostname matches the server certificate
2026-07-29T13:23:07.020Z	INFO	main	Bootstrap	http-server.admin.enabled                                                               false                                                                      false
2026-07-29T13:23:07.020Z	INFO	main	Bootstrap	http-server.admin.threads.max                                                           200                                                                        200
2026-07-29T13:23:07.020Z	INFO	main	Bootstrap	http-server.admin.threads.min                                                           2                                                                          2
2026-07-29T13:23:07.020Z	INFO	main	Bootstrap	http-server.admin.port                                                                  0                                                                          0
2026-07-29T13:23:07.020Z	INFO	main	Bootstrap	http-server.http2.session-receive-window-size                                           16MB                                                                       16MB                                                                       Initial size of session's flow control receive window for HTTP/2
2026-07-29T13:23:07.020Z	INFO	main	Bootstrap	http-server.http2.stream-receive-window-size                                            16MB                                                                       16MB                                                                       Initial size of stream's flow control receive window for HTTP/2
2026-07-29T13:23:07.020Z	INFO	main	Bootstrap	http-server.http2.input-buffer-size                                                     8kB                                                                        8kB                                                                        Size of the buffer used to read from the network for HTTP/2
2026-07-29T13:23:07.020Z	INFO	main	Bootstrap	http-server.http2.max-concurrent-streams                                                16384                                                                      16384                                                                      Maximum concurrent streams per connection for HTTP/2
2026-07-29T13:23:07.020Z	INFO	main	Bootstrap	http-server.http2.stream-idle-timeout                                                   15.00s                                                                     15.00s
2026-07-29T13:23:07.020Z	INFO	main	Bootstrap	http-server.accept-queue-size                                                           8000                                                                       8000
2026-07-29T13:23:07.020Z	INFO	main	Bootstrap	http-server.http.acceptor-threads                                                       ----                                                                       ----
2026-07-29T13:23:07.020Z	INFO	main	Bootstrap	http-server.http.enabled                                                                true                                                                       true
2026-07-29T13:23:07.020Z	INFO	main	Bootstrap	http-server.http.port                                                                   8080                                                                       8080
2026-07-29T13:23:07.020Z	INFO	main	Bootstrap	http-server.http.selector-threads                                                       ----                                                                       ----
2026-07-29T13:23:07.020Z	INFO	main	Bootstrap	http-server.https.acceptor-threads                                                      ----                                                                       ----
2026-07-29T13:23:07.020Z	INFO	main	Bootstrap	http-server.https.enabled                                                               false                                                                      false
2026-07-29T13:23:07.020Z	INFO	main	Bootstrap	http-server.https.selector-threads                                                      ----                                                                       ----
2026-07-29T13:23:07.020Z	INFO	main	Bootstrap	http-server.log.compression.enabled                                                     true                                                                       true
2026-07-29T13:23:07.020Z	INFO	main	Bootstrap	http-server.log.enabled                                                                 true                                                                       true
2026-07-29T13:23:07.020Z	INFO	main	Bootstrap	http-server.log.max-history                                                             15                                                                         15
2026-07-29T13:23:07.020Z	INFO	main	Bootstrap	http-server.log.max-size                                                                100MB                                                                      100MB
2026-07-29T13:23:07.020Z	INFO	main	Bootstrap	http-server.log.path                                                                    var/log/http-request.log                                                   var/log/http-request.log
2026-07-29T13:23:07.020Z	INFO	main	Bootstrap	http-server.log.queue-size                                                              10000                                                                      10000
2026-07-29T13:23:07.020Z	INFO	main	Bootstrap	http-server.max-request-header-size                                                     2MB                                                                        2MB
2026-07-29T13:23:07.020Z	INFO	main	Bootstrap	http-server.max-response-header-size                                                    2MB                                                                        2MB
2026-07-29T13:23:07.020Z	INFO	main	Bootstrap	http-server.threads.max                                                                 200                                                                        200
2026-07-29T13:23:07.020Z	INFO	main	Bootstrap	http-server.threads.min                                                                 2                                                                          2
2026-07-29T13:23:07.020Z	INFO	main	Bootstrap	http-server.net.max-idle-time                                                           200.00s                                                                    200.00s
2026-07-29T13:23:07.020Z	INFO	main	Bootstrap	http-server.process-forwarded                                                           false                                                                      false                                                                      Process Forwarded and X-Forwarded headers (for proxied environments)
2026-07-29T13:23:07.021Z	INFO	main	Bootstrap	http-server.show-stack-trace                                                            true                                                                       true                                                                       Show the stack trace when generating an error response
2026-07-29T13:23:07.021Z	INFO	main	Bootstrap	http-server.threads.max-idle-time                                                       1.00m                                                                      1.00m
2026-07-29T13:23:07.021Z	INFO	main	Bootstrap	http-server.auth.users-file                                                             ----                                                                       ----
2026-07-29T13:23:07.021Z	INFO	main	Bootstrap	jmx.rmiregistry.port                                                                    ----                                                                       ----
2026-07-29T13:23:07.021Z	INFO	main	Bootstrap	jmx.rmiserver.port                                                                      ----                                                                       ----
2026-07-29T13:23:07.021Z	INFO	main	Bootstrap	node.annotation-file                                                                    ----                                                                       ----
2026-07-29T13:23:07.021Z	INFO	main	Bootstrap	node.binary-spec                                                                        ----                                                                       ----
2026-07-29T13:23:07.021Z	INFO	main	Bootstrap	node.config-spec                                                                        ----                                                                       ----
2026-07-29T13:23:07.021Z	INFO	main	Bootstrap	node.environment                                                                        ----                                                                       docker
2026-07-29T13:23:07.021Z	INFO	main	Bootstrap	node.internal-address-source                                                            IP                                                                         IP
2026-07-29T13:23:07.021Z	INFO	main	Bootstrap	node.location                                                                           ----                                                                       ----
2026-07-29T13:23:07.021Z	INFO	main	Bootstrap	node.bind-ip                                                                            ----                                                                       ----
2026-07-29T13:23:07.021Z	INFO	main	Bootstrap	node.external-address                                                                   ----                                                                       ----
2026-07-29T13:23:07.021Z	INFO	main	Bootstrap	node.id                                                                                 ----                                                                       61ccf829d40f
2026-07-29T13:23:07.021Z	INFO	main	Bootstrap	node.internal-address                                                                   ----                                                                       ----
2026-07-29T13:23:07.021Z	INFO	main	Bootstrap	node.pool                                                                               general                                                                    general
2026-07-29T13:23:07.021Z	INFO	main	Bootstrap	openmetrics.jmx-object-names                                                            []                                                                         []                                                                         JMX object names to include when retrieving all metrics, separated by '|'
2026-07-29T13:23:07.022Z	INFO	main	Bootstrap	tracing.enabled                                                                         false                                                                      false
2026-07-29T13:23:07.023Z	INFO	main	Bootstrap	aggregation-operator-unspill-memory-limit                                               4MB                                                                        4MB
2026-07-29T13:23:07.023Z	INFO	main	Bootstrap	experimental.columnar-filter-evaluation.enabled                                         true                                                                       true                                                                       Enables columnar evaluation of filters
2026-07-29T13:23:07.023Z	INFO	main	Bootstrap	exchange.compression-codec                                                              NONE                                                                       NONE                                                                       Compression codec used for data in exchanges
2026-07-29T13:23:07.023Z	INFO	main	Bootstrap	exchange.data-integrity-verification                                                    ABORT                                                                      ABORT
2026-07-29T13:23:07.023Z	INFO	main	Bootstrap	fault-tolerant-execution.exchange-encryption-enabled                                    true                                                                       true
2026-07-29T13:23:07.023Z	INFO	main	Bootstrap	filter-and-project-min-output-page-row-count                                            256                                                                        256
2026-07-29T13:23:07.023Z	INFO	main	Bootstrap	filter-and-project-min-output-page-size                                                 500kB                                                                      500kB
2026-07-29T13:23:07.023Z	INFO	main	Bootstrap	force-spilling-join-operator                                                            false                                                                      false                                                                      Force spilling join operator in favour of the non-spilling one even when there is no spill
2026-07-29T13:23:07.023Z	INFO	main	Bootstrap	hide-inaccessible-columns                                                               false                                                                      false                                                                      When enabled non-accessible columns are silently filtered from results from SELECT * statements
2026-07-29T13:23:07.023Z	INFO	main	Bootstrap	incremental-hash-array-load-factor.enabled                                              true                                                                       true                                                                       Use smaller load factor for small hash arrays in order to improve performance
2026-07-29T13:23:07.023Z	INFO	main	Bootstrap	deprecated.legacy-catalog-roles                                                         false                                                                      false                                                                      Enable legacy role management syntax that assumed all roles are catalog scoped
2026-07-29T13:23:07.023Z	INFO	main	Bootstrap	analyzer.max-grouping-sets                                                              2048                                                                       2048
2026-07-29T13:23:07.023Z	INFO	main	Bootstrap	max-memory-per-partition-writer                                                         256MB                                                                      256MB                                                                      Estimated maximum memory required per partition writer in a single thread
2026-07-29T13:23:07.023Z	INFO	main	Bootstrap	max-recursion-depth                                                                     10                                                                         10                                                                         Maximum recursion depth for recursive common table expression
2026-07-29T13:23:07.023Z	INFO	main	Bootstrap	memory-revoking-target                                                                  0.5                                                                        0.5                                                                        When revoking memory, try to revoke so much that pool is filled below target at the end
2026-07-29T13:23:07.023Z	INFO	main	Bootstrap	memory-revoking-threshold                                                               0.9                                                                        0.9                                                                        Revoke memory when memory pool is filled over threshold
2026-07-29T13:23:07.023Z	INFO	main	Bootstrap	deprecated.omit-datetime-type-precision                                                 false                                                                      false                                                                      Enable compatibility mode for legacy clients when rendering datetime type names with default precision
2026-07-29T13:23:07.023Z	INFO	main	Bootstrap	pages-index.eager-compaction-enabled                                                    false                                                                      false
2026-07-29T13:23:07.023Z	INFO	main	Bootstrap	re2j.dfa-retries                                                                        5                                                                          5
2026-07-29T13:23:07.023Z	INFO	main	Bootstrap	re2j.dfa-states-limit                                                                   2147483647                                                                 2147483647
2026-07-29T13:23:07.023Z	INFO	main	Bootstrap	redistribute-writes                                                                     true                                                                       true
2026-07-29T13:23:07.023Z	INFO	main	Bootstrap	deprecated.regex-library                                                                JONI                                                                       JONI
2026-07-29T13:23:07.023Z	INFO	main	Bootstrap	scale-writers                                                                           true                                                                       true
2026-07-29T13:23:07.024Z	INFO	main	Bootstrap	spill-enabled                                                                           false                                                                      false
2026-07-29T13:23:07.024Z	INFO	main	Bootstrap	spiller-max-used-space-threshold                                                        0.9                                                                        0.9
2026-07-29T13:23:07.024Z	INFO	main	Bootstrap	spiller-spill-path                                                                      []                                                                         []
2026-07-29T13:23:07.024Z	INFO	main	Bootstrap	spiller-threads                                                                         4                                                                          4
2026-07-29T13:23:07.024Z	INFO	main	Bootstrap	writer-scaling-min-data-processed                                                       120MB                                                                      120MB                                                                      Minimum amount of uncompressed output data processed by writers before writer scaling can happen
2026-07-29T13:23:07.024Z	INFO	main	Bootstrap	catalog.management                                                                      STATIC                                                                     STATIC
2026-07-29T13:23:07.024Z	INFO	main	Bootstrap	catalog.config-dir                                                                      etc/catalog                                                                etc/catalog
2026-07-29T13:23:07.024Z	INFO	main	Bootstrap	catalog.disabled-catalogs                                                               ----                                                                       ----
2026-07-29T13:23:07.024Z	INFO	main	Bootstrap	event.max-output-stage-size                                                             16MB                                                                       16MB
2026-07-29T13:23:07.024Z	INFO	main	Bootstrap	event-listener.config-files                                                             []                                                                         []
2026-07-29T13:23:07.024Z	INFO	main	Bootstrap	enable-coordinator-dynamic-filters-distribution                                         true                                                                       true                                                                       Enable distribution of dynamic filters from coordinator to all workers
2026-07-29T13:23:07.024Z	INFO	main	Bootstrap	enable-dynamic-filtering                                                                true                                                                       true
2026-07-29T13:23:07.024Z	INFO	main	Bootstrap	enable-large-dynamic-filters                                                            false                                                                      false
2026-07-29T13:23:07.024Z	INFO	main	Bootstrap	dynamic-filtering.large.max-distinct-values-per-driver                                  10000                                                                      10000
2026-07-29T13:23:07.024Z	INFO	main	Bootstrap	dynamic-filtering.large.max-size-per-driver                                             2MB                                                                        2MB
2026-07-29T13:23:07.024Z	INFO	main	Bootstrap	dynamic-filtering.large.max-size-per-filter                                             5MB                                                                        5MB
2026-07-29T13:23:07.024Z	INFO	main	Bootstrap	dynamic-filtering.large.max-size-per-operator                                           5MB                                                                        5MB
2026-07-29T13:23:07.024Z	INFO	main	Bootstrap	dynamic-filtering.large-partitioned.max-distinct-values-per-driver                      1000                                                                       1000
2026-07-29T13:23:07.024Z	INFO	main	Bootstrap	dynamic-filtering.large-partitioned.max-size-per-driver                                 200kB                                                                      200kB
2026-07-29T13:23:07.024Z	INFO	main	Bootstrap	dynamic-filtering.large-partitioned.max-size-per-operator                               2MB                                                                        2MB
2026-07-29T13:23:07.024Z	INFO	main	Bootstrap	dynamic-filtering.large-partitioned.range-row-limit-per-driver                          2000                                                                       2000
2026-07-29T13:23:07.024Z	INFO	main	Bootstrap	dynamic-filtering.large.range-row-limit-per-driver                                      20000                                                                      20000
2026-07-29T13:23:07.024Z	INFO	main	Bootstrap	dynamic-filtering.small.max-distinct-values-per-driver                                  1000                                                                       1000
2026-07-29T13:23:07.024Z	INFO	main	Bootstrap	dynamic-filtering.small.max-size-per-driver                                             100kB                                                                      100kB
2026-07-29T13:23:07.024Z	INFO	main	Bootstrap	dynamic-filtering.small.max-size-per-filter                                             5MB                                                                        5MB
2026-07-29T13:23:07.024Z	INFO	main	Bootstrap	dynamic-filtering.small.max-size-per-operator                                           1MB                                                                        1MB
2026-07-29T13:23:07.024Z	INFO	main	Bootstrap	dynamic-filtering.small-partitioned.max-distinct-values-per-driver                      100                                                                        100
2026-07-29T13:23:07.024Z	INFO	main	Bootstrap	dynamic-filtering.small-partitioned.max-size-per-driver                                 50kB                                                                       50kB
2026-07-29T13:23:07.024Z	INFO	main	Bootstrap	dynamic-filtering.small-partitioned.max-size-per-operator                               500kB                                                                      500kB
2026-07-29T13:23:07.024Z	INFO	main	Bootstrap	dynamic-filtering.small-partitioned.range-row-limit-per-driver                          500                                                                        500
2026-07-29T13:23:07.024Z	INFO	main	Bootstrap	dynamic-filtering.small.range-row-limit-per-driver                                      2000                                                                       2000
2026-07-29T13:23:07.024Z	INFO	main	Bootstrap	query.client.timeout                                                                    5.00m                                                                      5.00m
2026-07-29T13:23:07.024Z	INFO	main	Bootstrap	query.determine-partition-count-for-write-enabled                                       false                                                                      false                                                                      Determine the number of partitions based on amount of data read and processed by the query for write queries
2026-07-29T13:23:07.024Z	INFO	main	Bootstrap	query.dispatcher-query-pool-size                                                        160                                                                        160
2026-07-29T13:23:07.024Z	INFO	main	Bootstrap	query.remote-task.enable-adaptive-request-size                                          true                                                                       true
2026-07-29T13:23:07.024Z	INFO	main	Bootstrap	fault-tolerant-execution-adaptive-query-planning-enabled                                false                                                                      false                                                                      Enable adaptive query planning for the fault tolerant execution
2026-07-29T13:23:07.024Z	INFO	main	Bootstrap	fault-tolerant-execution-arbitrary-distribution-compute-task-target-size-growth-factor  1.26                                                                       1.26                                                                       Growth factor for adaptive sizing of non-writer tasks of arbitrary distribution for fault-tolerant execution
2026-07-29T13:23:07.024Z	INFO	main	Bootstrap	fault-tolerant-execution-arbitrary-distribution-compute-task-target-size-growth-period  64                                                                         64                                                                         The number of tasks created for any given non-writer stage of arbitrary distribution before task size is increased
2026-07-29T13:23:07.024Z	INFO	main	Bootstrap	fault-tolerant-execution-arbitrary-distribution-compute-task-target-size-max            50GB                                                                       50GB                                                                       Max target input size for non-writer task of arbitrary distribution of fault-tolerant execution
2026-07-29T13:23:07.024Z	INFO	main	Bootstrap	fault-tolerant-execution-arbitrary-distribution-compute-task-target-size-min            512MB                                                                      512MB                                                                      Initial/min target input size for non-writer tasks of arbitrary distribution of fault-tolerant execution
2026-07-29T13:23:07.024Z	INFO	main	Bootstrap	fault-tolerant-execution-arbitrary-distribution-write-task-target-size-growth-factor    1.26                                                                       1.26                                                                       Growth factor for adaptive sizing of writer tasks of arbitrary distribution for fault-tolerant execution
2026-07-29T13:23:07.024Z	INFO	main	Bootstrap	fault-tolerant-execution-arbitrary-distribution-write-task-target-size-growth-period    64                                                                         64                                                                         The number of tasks created for any given writer stage of arbitrary distribution before task size is increased
2026-07-29T13:23:07.024Z	INFO	main	Bootstrap	fault-tolerant-execution-arbitrary-distribution-write-task-target-size-max              50GB                                                                       50GB                                                                       Max target input size for writer tasks of arbitrary distribution of fault-tolerant execution
2026-07-29T13:23:07.024Z	INFO	main	Bootstrap	fault-tolerant-execution-arbitrary-distribution-write-task-target-size-min              4GB                                                                        4GB                                                                        Initial/min target input size for writer tasks of arbitrary distribution of fault-tolerant execution
2026-07-29T13:23:07.024Z	INFO	main	Bootstrap	fault-tolerant-execution-hash-distribution-compute-task-target-size                     512MB                                                                      512MB                                                                      Target input size for non-writer tasks of hash distribution of fault-tolerant execution
2026-07-29T13:23:07.024Z	INFO	main	Bootstrap	fault-tolerant-execution-hash-distribution-compute-task-to-node-min-ratio               2.0                                                                        2.0                                                                        Minimal ratio of tasks count vs cluster nodes count for hash distributed compute stage in fault-tolerant execution
2026-07-29T13:23:07.024Z	INFO	main	Bootstrap	fault-tolerant-execution-hash-distribution-write-task-target-max-count                  2000                                                                       2000                                                                       Soft upper bound on number of writer tasks in a stage of hash distribution of fault-tolerant execution
2026-07-29T13:23:07.024Z	INFO	main	Bootstrap	fault-tolerant-execution-hash-distribution-write-task-target-size                       4GB                                                                        4GB                                                                        Target input size of writer tasks of hash distribution of fault-tolerant execution
2026-07-29T13:23:07.024Z	INFO	main	Bootstrap	fault-tolerant-execution-hash-distribution-write-task-to-node-min-ratio                 2.0                                                                        2.0                                                                        Minimal ratio of tasks count vs cluster nodes count for hash distributed writer stage in fault-tolerant execution
2026-07-29T13:23:07.024Z	INFO	main	Bootstrap	fault-tolerant-execution-max-partition-count                                            50                                                                         50                                                                         Maximum number of partitions for distributed joins and aggregations executed with fault tolerant execution enabled
2026-07-29T13:23:07.024Z	INFO	main	Bootstrap	fault-tolerant-execution-max-task-split-count                                           256                                                                        256                                                                        Maximal number of splits for a single fault tolerant task (count based)
2026-07-29T13:23:07.024Z	INFO	main	Bootstrap	fault-tolerant-execution-min-partition-count                                            4                                                                          4                                                                          Minimum number of partitions for distributed joins and aggregations executed with fault tolerant execution enabled
2026-07-29T13:23:07.024Z	INFO	main	Bootstrap	fault-tolerant-execution-min-partition-count-for-write                                  50                                                                         50                                                                         Minimum number of partitions for distributed joins and aggregations in write queries executed with fault tolerant execution enabled
2026-07-29T13:23:07.024Z	INFO	main	Bootstrap	fault-tolerant-execution-min-source-stage-progress                                      0.2                                                                        0.2                                                                        Minimal progress of source stage to consider scheduling of parent stage
2026-07-29T13:23:07.024Z	INFO	main	Bootstrap	fault-tolerant-execution-runtime-adaptive-partitioning-enabled                          false                                                                      false
2026-07-29T13:23:07.024Z	INFO	main	Bootstrap	fault-tolerant-execution-runtime-adaptive-partitioning-max-task-size                    12GB                                                                       12GB                                                                       Max average task input size when deciding runtime adaptive partitioning
2026-07-29T13:23:07.024Z	INFO	main	Bootstrap	fault-tolerant-execution-runtime-adaptive-partitioning-partition-count                  1000                                                                       1000                                                                       The partition count to use for runtime adaptive partitioning when enabled
2026-07-29T13:23:07.024Z	INFO	main	Bootstrap	fault-tolerant-execution-small-stage-estimation-enabled                                 true                                                                       true                                                                       Enable small stage estimation heuristic, used for more aggresive speculative stage scheduling
2026-07-29T13:23:07.024Z	INFO	main	Bootstrap	fault-tolerant-execution-small-stage-estimation-threshold                               20GB                                                                       20GB                                                                       Threshold until which stage is considered small
2026-07-29T13:23:07.024Z	INFO	main	Bootstrap	fault-tolerant-execution-small-stage-require-no-more-partitions                         false                                                                      false                                                                      Is it required for all stage partitions (tasks) to be enumerated for stage to be used in heuristic to determine if parent stage is small
2026-07-29T13:23:07.024Z	INFO	main	Bootstrap	fault-tolerant-execution-small-stage-source-size-multiplier                             1.2                                                                        1.2                                                                        Multiplier used for heuristic estimation is stage is small; the bigger the more conservative estimation is
2026-07-29T13:23:07.024Z	INFO	main	Bootstrap	fault-tolerant-execution-stage-estimation-for-eager-parent-enabled                      true                                                                       true                                                                       Enable aggressive stage output size estimation heuristic for children of stages to be executed eagerly
2026-07-29T13:23:07.024Z	INFO	main	Bootstrap	fault-tolerant-execution-standard-split-size                                            64MB                                                                       64MB                                                                       Standard split size for a single fault tolerant task (split weight aware)
2026-07-29T13:23:07.024Z	INFO	main	Bootstrap	fault-tolerant-execution-task-descriptor-storage-max-memory                             1957901107B                                                                1957901107B                                                                Maximum amount of memory to be used to store task descriptors for fault tolerant queries on coordinator
2026-07-29T13:23:07.024Z	INFO	main	Bootstrap	query.max-concurrent-queries                                                            1000                                                                       1000
2026-07-29T13:23:07.024Z	INFO	main	Bootstrap	query.max-hash-partition-count                                                          100                                                                        100                                                                        Maximum number of partitions for distributed joins and aggregations
2026-07-29T13:23:07.024Z	INFO	main	Bootstrap	query.max-history                                                                       100                                                                        100
2026-07-29T13:23:07.024Z	INFO	main	Bootstrap	query.max-length                                                                        1000000                                                                    1000000
2026-07-29T13:23:07.024Z	INFO	main	Bootstrap	query.max-queued-queries                                                                5000                                                                       5000
2026-07-29T13:23:07.024Z	INFO	main	Bootstrap	query.remote-task.max-request-size                                                      8MB                                                                        8MB
2026-07-29T13:23:07.024Z	INFO	main	Bootstrap	query.max-split-manager-callback-threads                                                100                                                                        100                                                                        The maximum number of threads allowed to run splits generation callbacks concurrently
2026-07-29T13:23:07.024Z	INFO	main	Bootstrap	query.max-stage-count                                                                   150                                                                        150
2026-07-29T13:23:07.024Z	INFO	main	Bootstrap	query.max-state-machine-callback-threads                                                5                                                                          5                                                                          The maximum number of threads allowed to run query and stage state machine listener callbacks concurrently for each query
2026-07-29T13:23:07.024Z	INFO	main	Bootstrap	max-tasks-waiting-for-execution-per-query                                               10                                                                         10                                                                         Maximum number of tasks waiting to be scheduled per query. Split enumeration is paused by the scheduler when this threshold is crossed
2026-07-29T13:23:07.024Z	INFO	main	Bootstrap	max-tasks-waiting-for-node-per-stage                                                    5                                                                          5                                                                          Maximum possible number of tasks waiting for node allocation per stage before scheduling of new tasks for stage is paused
2026-07-29T13:23:07.025Z	INFO	main	Bootstrap	query.max-writer-task-count                                                             100                                                                        100                                                                        Maximum number of tasks that will participate in writing data
2026-07-29T13:23:07.025Z	INFO	main	Bootstrap	query.min-hash-partition-count                                                          4                                                                          4                                                                          Minimum number of partitions for distributed joins and aggregations
2026-07-29T13:23:07.025Z	INFO	main	Bootstrap	query.min-hash-partition-count-for-write                                                50                                                                         50                                                                         Minimum number of partitions for distributed joins and aggregations in write queries
2026-07-29T13:23:07.025Z	INFO	main	Bootstrap	query.min-expire-age                                                                    15.00m                                                                     15.00m
2026-07-29T13:23:07.025Z	INFO	main	Bootstrap	query.min-schedule-split-batch-size                                                     100                                                                        100
2026-07-29T13:23:07.025Z	INFO	main	Bootstrap	query.execution-policy                                                                  phased                                                                     phased
2026-07-29T13:23:07.025Z	INFO	main	Bootstrap	query.executor-pool-size                                                                1000                                                                       1000
2026-07-29T13:23:07.025Z	INFO	main	Bootstrap	query.manager-executor-pool-size                                                        5                                                                          5
2026-07-29T13:23:07.025Z	INFO	main	Bootstrap	query.max-cpu-time                                                                      1000000000.00d                                                             1000000000.00d
2026-07-29T13:23:07.025Z	INFO	main	Bootstrap	query.max-execution-time                                                                100.00d                                                                    100.00d
2026-07-29T13:23:07.025Z	INFO	main	Bootstrap	query.max-planning-time                                                                 10.00m                                                                     10.00m
2026-07-29T13:23:07.025Z	INFO	main	Bootstrap	query.max-run-time                                                                      100.00d                                                                    100.00d
2026-07-29T13:23:07.025Z	INFO	main	Bootstrap	query.max-scan-physical-bytes                                                           ----                                                                       ----
2026-07-29T13:23:07.025Z	INFO	main	Bootstrap	query.reported-rule-stats-limit                                                         10                                                                         10
2026-07-29T13:23:07.025Z	INFO	main	Bootstrap	query-retry-attempts                                                                    4                                                                          4
2026-07-29T13:23:07.025Z	INFO	main	Bootstrap	query.remote-task.guaranteed-splits-per-task                                            3                                                                          3
2026-07-29T13:23:07.025Z	INFO	main	Bootstrap	query.remote-task.max-callback-threads                                                  1000                                                                       1000
2026-07-29T13:23:07.025Z	INFO	main	Bootstrap	query.remote-task.max-error-duration                                                    1.00m                                                                      1.00m
2026-07-29T13:23:07.025Z	INFO	main	Bootstrap	query.remote-task.request-size-headroom                                                 2MB                                                                        2MB
2026-07-29T13:23:07.025Z	INFO	main	Bootstrap	query-manager.required-workers                                                          1                                                                          1                                                                          Minimum number of active workers that must be available before a query will start
2026-07-29T13:23:07.025Z	INFO	main	Bootstrap	query-manager.required-workers-max-wait                                                 5.00m                                                                      5.00m                                                                      Maximum time to wait for minimum number of workers before the query is failed
2026-07-29T13:23:07.025Z	INFO	main	Bootstrap	retry-delay-scale-factor                                                                2.0                                                                        2.0                                                                        Factor by which retry delay is scaled on subsequent failures
2026-07-29T13:23:07.025Z	INFO	main	Bootstrap	retry-initial-delay                                                                     10.00s                                                                     10.00s                                                                     Initial delay before initiating a retry attempt. Delay increases exponentially for each subsequent attempt up to 'retry_max_delay'
2026-07-29T13:23:07.025Z	INFO	main	Bootstrap	retry-max-delay                                                                         1.00m                                                                      1.00m                                                                      Maximum delay before initiating a retry attempt. Delay increases exponentially for each subsequent attempt starting from 'retry_initial_delay'
2026-07-29T13:23:07.025Z	INFO	main	Bootstrap	retry-policy                                                                            NONE                                                                       NONE
2026-07-29T13:23:07.025Z	INFO	main	Bootstrap	query.schedule-split-batch-size                                                         1000                                                                       1000
2026-07-29T13:23:07.025Z	INFO	main	Bootstrap	query.stage-count-warning-threshold                                                     50                                                                         50                                                                         Emit a warning when stage count exceeds this threshold
2026-07-29T13:23:07.025Z	INFO	main	Bootstrap	task-retry-attempts-per-task                                                            4                                                                          4
2026-07-29T13:23:07.025Z	INFO	main	Bootstrap	task.client.timeout                                                                     2.00m                                                                      2.00m
2026-07-29T13:23:07.025Z	INFO	main	Bootstrap	task.driver-timeout-threads                                                             5                                                                          5                                                                          Number of threads used for timing out blocked drivers if the timeout is set
2026-07-29T13:23:07.025Z	INFO	main	Bootstrap	task.http-response-threads                                                              100                                                                        100
2026-07-29T13:23:07.025Z	INFO	main	Bootstrap	task.http-timeout-threads                                                               3                                                                          3
2026-07-29T13:23:07.025Z	INFO	main	Bootstrap	task.info.max-age                                                                       15.00m                                                                     15.00m
2026-07-29T13:23:07.025Z	INFO	main	Bootstrap	task.info-update-interval                                                               3.00s                                                                      3.00s                                                                      Interval between updating task data
2026-07-29T13:23:07.025Z	INFO	main	Bootstrap	task.initial-splits-per-node                                                            32                                                                         32
2026-07-29T13:23:07.025Z	INFO	main	Bootstrap	task.interrupt-stuck-split-tasks-detection-interval                                     2.00m                                                                      2.00m                                                                      Interval between detecting stuck split
2026-07-29T13:23:07.025Z	INFO	main	Bootstrap	task.interrupt-stuck-split-tasks-enabled                                                true                                                                       true
2026-07-29T13:23:07.025Z	INFO	main	Bootstrap	task.interrupt-stuck-split-tasks-timeout                                                15.00m                                                                     15.00m                                                                     Interrupt task processing thread after this timeout if the thread is stuck in certain external libraries used by Trino functions
2026-07-29T13:23:07.025Z	INFO	main	Bootstrap	task.interrupt-stuck-split-tasks-warning-threshold                                      10.00m                                                                     10.00m                                                                     Print out call stacks and generate JMX metrics for splits running longer than the threshold
2026-07-29T13:23:07.025Z	INFO	main	Bootstrap	task.level-time-multiplier                                                              2                                                                          2                                                                          Factor that determines the target scheduled time for a level relative to the next
2026-07-29T13:23:07.025Z	INFO	main	Bootstrap	task.max-drivers-per-task                                                               2147483647                                                                 2147483647                                                                 Maximum number of drivers a task can run
2026-07-29T13:23:07.025Z	INFO	main	Bootstrap	task.max-index-memory                                                                   64MB                                                                       64MB
2026-07-29T13:23:07.025Z	INFO	main	Bootstrap	task.max-local-exchange-buffer-size                                                     128MB                                                                      128MB
2026-07-29T13:23:07.025Z	INFO	main	Bootstrap	driver.max-page-partitioning-buffer-size                                                32MB                                                                       32MB
2026-07-29T13:23:07.025Z	INFO	main	Bootstrap	task.max-partial-aggregation-memory                                                     16MB                                                                       16MB
2026-07-29T13:23:07.025Z	INFO	main	Bootstrap	task.max-partial-top-n-memory                                                           16MB                                                                       16MB
2026-07-29T13:23:07.025Z	INFO	main	Bootstrap	task.max-worker-threads                                                                 32                                                                         32
2026-07-29T13:23:07.025Z	INFO	main	Bootstrap	task.max-writer-count                                                                   16                                                                         16                                                                         Maximum number of local parallel table writers per task when either task writer scaling or preferred partitioning is used
2026-07-29T13:23:07.025Z	INFO	main	Bootstrap	task.min-drivers                                                                        64                                                                         64
2026-07-29T13:23:07.025Z	INFO	main	Bootstrap	task.min-drivers-per-task                                                               3                                                                          3                                                                          Minimum number of drivers guaranteed to run per task given there is sufficient work to do
2026-07-29T13:23:07.025Z	INFO	main	Bootstrap	task.min-writer-count                                                                   1                                                                          1                                                                          Minimum number of local parallel table writers per task when preferred partitioning and task writer scaling are not used
2026-07-29T13:23:07.025Z	INFO	main	Bootstrap	driver.page-partitioning-buffer-pool-size                                               8                                                                          8                                                                          Maximum number of free buffers in the per task partitioned page buffer pool. Setting this to zero effectively disables the pool
2026-07-29T13:23:07.025Z	INFO	main	Bootstrap	task.per-operator-cpu-timer-enabled                                                     true                                                                       true
2026-07-29T13:23:07.025Z	INFO	main	Bootstrap	task.scale-writers.enabled                                                              true                                                                       true                                                                       Scale the number of concurrent table writers per task based on throughput
2026-07-29T13:23:07.025Z	INFO	main	Bootstrap	task.share-index-loading                                                                false                                                                      false
2026-07-29T13:23:07.025Z	INFO	main	Bootstrap	sink.max-broadcast-buffer-size                                                          200MB                                                                      200MB
2026-07-29T13:23:07.025Z	INFO	main	Bootstrap	sink.max-buffer-size                                                                    32MB                                                                       32MB
2026-07-29T13:23:07.025Z	INFO	main	Bootstrap	task.split-concurrency-adjustment-interval                                              100.00ms                                                                   100.00ms
2026-07-29T13:23:07.025Z	INFO	main	Bootstrap	task.statistics-cpu-timer-enabled                                                       true                                                                       true
2026-07-29T13:23:07.025Z	INFO	main	Bootstrap	task.status-refresh-max-wait                                                            1.00s                                                                      1.00s
2026-07-29T13:23:07.025Z	INFO	main	Bootstrap	task.concurrency                                                                        8                                                                          8                                                                          Default number of local parallel jobs per worker
2026-07-29T13:23:07.025Z	INFO	main	Bootstrap	task.cpu-timer-enabled                                                                  true                                                                       true
2026-07-29T13:23:07.025Z	INFO	main	Bootstrap	task.task-notification-threads                                                          5                                                                          5                                                                          Number of threads used for internal task event notifications
2026-07-29T13:23:07.025Z	INFO	main	Bootstrap	task.termination-timeout                                                                1.00m                                                                      1.00m                                                                      Maximum duration to wait for a task to complete termination before failing the task on the coordinator
2026-07-29T13:23:07.025Z	INFO	main	Bootstrap	task.task-yield-threads                                                                 3                                                                          3                                                                          Number of threads used for setting yield signals
2026-07-29T13:23:07.025Z	INFO	main	Bootstrap	experimental.thread-per-driver-scheduler-enabled                                        true                                                                       true
2026-07-29T13:23:07.025Z	INFO	main	Bootstrap	node-scheduler.allowed-no-matching-node-period                                          2.00m                                                                      2.00m                                                                      How long scheduler should wait before failing a query for which hard task requirements (e.g. node exposing specific catalog) cannot be satisfied
2026-07-29T13:23:07.025Z	INFO	main	Bootstrap	node-scheduler.include-coordinator                                                      true                                                                       true
2026-07-29T13:23:07.025Z	INFO	main	Bootstrap	node-scheduler.max-adjusted-pending-splits-per-task                                     2000                                                                       2000
2026-07-29T13:23:07.025Z	INFO	main	Bootstrap	node-scheduler.max-splits-per-node                                                      256                                                                        256
2026-07-29T13:23:07.025Z	INFO	main	Bootstrap	node-scheduler.max-unacknowledged-splits-per-task                                       2000                                                                       2000                                                                       Maximum number of leaf splits not yet delivered to a given task
2026-07-29T13:23:07.025Z	INFO	main	Bootstrap	node-scheduler.min-candidates                                                           10                                                                         10
2026-07-29T13:23:07.025Z	INFO	main	Bootstrap	node-scheduler.min-pending-splits-per-task                                              16                                                                         16
2026-07-29T13:23:07.025Z	INFO	main	Bootstrap	node-scheduler.policy                                                                   UNIFORM                                                                    UNIFORM
2026-07-29T13:23:07.025Z	INFO	main	Bootstrap	node-scheduler.optimized-local-scheduling                                               true                                                                       true
2026-07-29T13:23:07.025Z	INFO	main	Bootstrap	node-scheduler.splits-balancing-policy                                                  STAGE                                                                      STAGE                                                                      Strategy for balancing new splits on worker nodes
2026-07-29T13:23:07.025Z	INFO	main	Bootstrap	warning-collector.max-warnings                                                          2147483647                                                                 2147483647
2026-07-29T13:23:07.025Z	INFO	main	Bootstrap	failure-detector.enabled                                                                true                                                                       true
2026-07-29T13:23:07.025Z	INFO	main	Bootstrap	failure-detector.expiration-grace-interval                                              10.00m                                                                     10.00m                                                                     How long to wait before 'forgetting' a service after it disappears from discovery
2026-07-29T13:23:07.025Z	INFO	main	Bootstrap	failure-detector.threshold                                                              0.1                                                                        0.1
2026-07-29T13:23:07.025Z	INFO	main	Bootstrap	failure-detector.heartbeat-interval                                                     500.00ms                                                                   500.00ms
2026-07-29T13:23:07.025Z	INFO	main	Bootstrap	failure-detector.warmup-interval                                                        5.00s                                                                      5.00s                                                                      How long to wait after transitioning to success before considering a service alive
2026-07-29T13:23:07.025Z	INFO	main	Bootstrap	fault-tolerant-execution-coordinator-task-memory                                        2GB                                                                        2GB                                                                        Estimated amount of memory a single coordinator task will use when task level retries are used; value is used when allocating nodes for tasks execution
2026-07-29T13:23:07.025Z	INFO	main	Bootstrap	fault-tolerant-execution-eager-speculative-tasks-node_memory-overcommit                 20GB                                                                       20GB
2026-07-29T13:23:07.025Z	INFO	main	Bootstrap	fault-tolerant-execution.memory-requirement-increase-on-worker-crash-enabled            true                                                                       true                                                                       Increase memory requirement for tasks failed due to a suspected worker crash
2026-07-29T13:23:07.025Z	INFO	main	Bootstrap	fault-tolerant-execution-task-memory                                                    5GB                                                                        5GB                                                                        Estimated amount of memory a single task will use when task level retries are used; value is used when allocating nodes for tasks execution
2026-07-29T13:23:07.025Z	INFO	main	Bootstrap	fault-tolerant-execution-task-memory-estimation-quantile                                0.9                                                                        0.9                                                                        What quantile of memory usage of completed tasks to look at when estimating memory usage for upcoming tasks
2026-07-29T13:23:07.025Z	INFO	main	Bootstrap	fault-tolerant-execution-task-memory-growth-factor                                      3.0                                                                        3.0                                                                        Factor by which estimated task memory is increased if task execution runs out of memory; value is used allocating nodes for tasks execution
2026-07-29T13:23:07.025Z	INFO	main	Bootstrap	fault-tolerant-execution-task-runtime-memory-estimation-overhead                        1GB                                                                        1GB                                                                        Extra memory to account for when estimating actual task runtime memory consumption
2026-07-29T13:23:07.025Z	INFO	main	Bootstrap	query.low-memory-killer.delay                                                           30.00s                                                                     30.00s                                                                     Delay between cluster running low on memory and invoking killer
2026-07-29T13:23:07.025Z	INFO	main	Bootstrap	query.low-memory-killer.policy                                                          TOTAL_RESERVATION_ON_BLOCKED_NODES                                         TOTAL_RESERVATION_ON_BLOCKED_NODES
2026-07-29T13:23:07.026Z	INFO	main	Bootstrap	task.low-memory-killer.policy                                                           TOTAL_RESERVATION_ON_BLOCKED_NODES                                         TOTAL_RESERVATION_ON_BLOCKED_NODES
2026-07-29T13:23:07.026Z	INFO	main	Bootstrap	query.max-memory                                                                        20GB                                                                       20GB
2026-07-29T13:23:07.026Z	INFO	main	Bootstrap	query.max-total-memory                                                                  40GB                                                                       40GB
2026-07-29T13:23:07.026Z	INFO	main	Bootstrap	memory.heap-headroom-per-node                                                           3915802214B                                                                3915802214B                                                                The amount of heap memory to set aside as headroom/buffer (e.g., for untracked allocations)
2026-07-29T13:23:07.026Z	INFO	main	Bootstrap	query.max-memory-per-node                                                               3915802214B                                                                3915802214B
2026-07-29T13:23:07.026Z	INFO	main	Bootstrap	exchange.acknowledge-pages                                                              true                                                                       true
2026-07-29T13:23:07.026Z	INFO	main	Bootstrap	exchange.client-threads                                                                 25                                                                         25
2026-07-29T13:23:07.026Z	INFO	main	Bootstrap	exchange.concurrent-request-multiplier                                                  3                                                                          3
2026-07-29T13:23:07.026Z	INFO	main	Bootstrap	exchange.deduplication-buffer-size                                                      32MB                                                                       32MB
2026-07-29T13:23:07.026Z	INFO	main	Bootstrap	exchange.max-buffer-size                                                                32MB                                                                       32MB
2026-07-29T13:23:07.026Z	INFO	main	Bootstrap	exchange.max-error-duration                                                             1.00m                                                                      1.00m
2026-07-29T13:23:07.026Z	INFO	main	Bootstrap	exchange.max-response-size                                                              16MB                                                                       16MB
2026-07-29T13:23:07.026Z	INFO	main	Bootstrap	exchange.page-buffer-client.max-callback-threads                                        25                                                                         25
2026-07-29T13:23:07.026Z	INFO	main	Bootstrap	access-control.config-files                                                             []                                                                         []
2026-07-29T13:23:07.026Z	INFO	main	Bootstrap	discovery-server.enabled                                                                true                                                                       true
2026-07-29T13:23:07.026Z	INFO	main	Bootstrap	internal-communication.http2.enabled                                                    false                                                                      false                                                                      Enable the HTTP/2 transport
2026-07-29T13:23:07.026Z	INFO	main	Bootstrap	internal-communication.https.required                                                   false                                                                      false
2026-07-29T13:23:07.026Z	INFO	main	Bootstrap	internal-communication.https.keystore.key                                               [REDACTED]                                                                 [REDACTED]
2026-07-29T13:23:07.026Z	INFO	main	Bootstrap	internal-communication.https.keystore.path                                              ----                                                                       ----
2026-07-29T13:23:07.026Z	INFO	main	Bootstrap	internal-communication.shared-secret                                                    [REDACTED]                                                                 [REDACTED]
2026-07-29T13:23:07.026Z	INFO	main	Bootstrap	internal-communication.https.truststore.key                                             [REDACTED]                                                                 [REDACTED]
2026-07-29T13:23:07.026Z	INFO	main	Bootstrap	internal-communication.https.truststore.path                                            ----                                                                       ----
2026-07-29T13:23:07.026Z	INFO	main	Bootstrap	jmx.base-name                                                                           trino                                                                      trino
2026-07-29T13:23:07.026Z	INFO	main	Bootstrap	protocol.v1.alternate-header-name                                                       ----                                                                       ----                                                                       Alternate header name for V1 protocol
2026-07-29T13:23:07.026Z	INFO	main	Bootstrap	protocol.v1.prepared-statement-compression.min-gain                                     512                                                                        512                                                                        Prepared statement compression is not applied if the size gain is less than the configured value
2026-07-29T13:23:07.026Z	INFO	main	Bootstrap	protocol.v1.prepared-statement-compression.length-threshold                             2048                                                                       2048                                                                       Compression is applied to prepared statements longer than the configured value
2026-07-29T13:23:07.026Z	INFO	main	Bootstrap	experimental.concurrent-startup                                                         false                                                                      false                                                                      Parallelize work during server startup
2026-07-29T13:23:07.026Z	INFO	main	Bootstrap	coordinator                                                                             true                                                                       true
2026-07-29T13:23:07.026Z	INFO	main	Bootstrap	shutdown.grace-period                                                                   2.00m                                                                      2.00m
2026-07-29T13:23:07.026Z	INFO	main	Bootstrap	http.include-exception-in-response                                                      true                                                                       true
2026-07-29T13:23:07.026Z	INFO	main	Bootstrap	query.info-url-template                                                                 ----                                                                       ----
2026-07-29T13:23:07.026Z	INFO	main	Bootstrap	query-results.compression-enabled                                                       true                                                                       true
2026-07-29T13:23:07.026Z	INFO	main	Bootstrap	plugin.dir                                                                              plugin                                                                     plugin
2026-07-29T13:23:07.026Z	INFO	main	Bootstrap	http-server.authentication.insecure.user-mapping.file                                   ----                                                                       ----
2026-07-29T13:23:07.026Z	INFO	main	Bootstrap	http-server.authentication.insecure.user-mapping.pattern                                ----                                                                       ----
2026-07-29T13:23:07.026Z	INFO	main	Bootstrap	http-server.authentication.type                                                         [insecure]                                                                 [insecure]                                                                 Ordered list of authentication types
2026-07-29T13:23:07.026Z	INFO	main	Bootstrap	management.user                                                                         ----                                                                       ----                                                                       Optional fixed user for all requests to management endpoints
2026-07-29T13:23:07.026Z	INFO	main	Bootstrap	management.user.https-enabled                                                           false                                                                      false                                                                      Use fixed management user for secure HTTPS requests
2026-07-29T13:23:07.026Z	INFO	main	Bootstrap	http-server.authentication.allow-insecure-over-http                                     true                                                                       true                                                                       Insecure authentication over HTTP (non-secure) enabled
2026-07-29T13:23:07.026Z	INFO	main	Bootstrap	web-ui.session-timeout                                                                  1.00d                                                                      1.00d
2026-07-29T13:23:07.026Z	INFO	main	Bootstrap	web-ui.shared-secret                                                                    [REDACTED]                                                                 [REDACTED]
2026-07-29T13:23:07.026Z	INFO	main	Bootstrap	web-ui.authentication.type                                                              ----                                                                       ----                                                                       Authentication type for the web ui
2026-07-29T13:23:07.026Z	INFO	main	Bootstrap	web-ui.enabled                                                                          true                                                                       true
2026-07-29T13:23:07.026Z	INFO	main	Bootstrap	max-spill-per-node                                                                      100GB                                                                      100GB
2026-07-29T13:23:07.026Z	INFO	main	Bootstrap	query-max-spill-per-node                                                                100GB                                                                      100GB
2026-07-29T13:23:07.026Z	INFO	main	Bootstrap	spill-compression-codec                                                                 NONE                                                                       NONE                                                                       Compression codec used for data in spills
2026-07-29T13:23:07.026Z	INFO	main	Bootstrap	spill-encryption-enabled                                                                false                                                                      false
2026-07-29T13:23:07.026Z	INFO	main	Bootstrap	sql.default-catalog                                                                     ----                                                                       ----
2026-07-29T13:23:07.026Z	INFO	main	Bootstrap	sql.default-function-catalog                                                            ----                                                                       ----
2026-07-29T13:23:07.026Z	INFO	main	Bootstrap	sql.default-function-schema                                                             ----                                                                       ----
2026-07-29T13:23:07.026Z	INFO	main	Bootstrap	sql.default-schema                                                                      ----                                                                       ----
2026-07-29T13:23:07.026Z	INFO	main	Bootstrap	sql.forced-session-time-zone                                                            ----                                                                       ----                                                                       User session time zone overriding value sent by client
2026-07-29T13:23:07.026Z	INFO	main	Bootstrap	sql.path
2026-07-29T13:23:07.026Z	INFO	main	Bootstrap	compiler.expression-cache-size                                                          10000                                                                      10000                                                                      Reuse compiled expressions across multiple queries
2026-07-29T13:23:07.026Z	INFO	main	Bootstrap	compiler.specialized-aggregation-loops                                                  true                                                                       true
2026-07-29T13:23:07.026Z	INFO	main	Bootstrap	adaptive-partial-aggregation.enabled                                                    true                                                                       true
2026-07-29T13:23:07.026Z	INFO	main	Bootstrap	adaptive-partial-aggregation.unique-rows-ratio-threshold                                0.8                                                                        0.8                                                                        Ratio between aggregation output and input rows above which partial aggregation might be adaptively turned off
2026-07-29T13:23:07.026Z	INFO	main	Bootstrap	collect-plan-statistics-for-all-queries                                                 false                                                                      false                                                                      Collect plan statistics for non-EXPLAIN queries
2026-07-29T13:23:07.026Z	INFO	main	Bootstrap	colocated-joins-enabled                                                                 true                                                                       true                                                                       Use a colocated join when possible
2026-07-29T13:23:07.026Z	INFO	main	Bootstrap	optimizer.complex-expression-pushdown.enabled                                           true                                                                       true
2026-07-29T13:23:07.026Z	INFO	main	Bootstrap	cpu-cost-weight                                                                         75.0                                                                       75.0
2026-07-29T13:23:07.026Z	INFO	main	Bootstrap	optimizer.default-filter-factor-enabled                                                 false                                                                      false
2026-07-29T13:23:07.026Z	INFO	main	Bootstrap	optimizer.dictionary-aggregation                                                        false                                                                      false
2026-07-29T13:23:07.026Z	INFO	main	Bootstrap	optimizer.distinct-aggregations-strategy                                                ----                                                                       ----                                                                       Strategy to use for distinct aggregations
2026-07-29T13:23:07.026Z	INFO	main	Bootstrap	distributed-sort                                                                        true                                                                       true
2026-07-29T13:23:07.026Z	INFO	main	Bootstrap	enable-forced-exchange-below-group-id                                                   true                                                                       true
2026-07-29T13:23:07.026Z	INFO	main	Bootstrap	optimizer.enable-intermediate-aggregations                                              false                                                                      false
2026-07-29T13:23:07.026Z	INFO	main	Bootstrap	enable-stats-calculator                                                                 true                                                                       true
2026-07-29T13:23:07.026Z	INFO	main	Bootstrap	optimizer.filter-conjunction-independence-factor                                        0.75                                                                       0.75                                                                       Scales the strength of independence assumption for selectivity estimates of the conjunction of multiple filters
2026-07-29T13:23:07.026Z	INFO	main	Bootstrap	optimizer.force-single-node-output                                                      false                                                                      false
2026-07-29T13:23:07.026Z	INFO	main	Bootstrap	optimizer.ignore-downstream-preferences                                                 false                                                                      false
2026-07-29T13:23:07.026Z	INFO	main	Bootstrap	optimizer.ignore-stats-calculator-failures                                              true                                                                       true                                                                       Ignore statistics calculator failures
2026-07-29T13:23:07.026Z	INFO	main	Bootstrap	iterative-optimizer-timeout                                                             3.00m                                                                      3.00m
2026-07-29T13:23:07.026Z	INFO	main	Bootstrap	join-distribution-type                                                                  AUTOMATIC                                                                  AUTOMATIC
2026-07-29T13:23:07.026Z	INFO	main	Bootstrap	join-max-broadcast-table-size                                                           100MB                                                                      100MB                                                                      Maximum estimated size of a table that can be broadcast when using automatic join type selection
2026-07-29T13:23:07.026Z	INFO	main	Bootstrap	optimizer.join-multi-clause-independence-factor                                         0.25                                                                       0.25                                                                       Scales the strength of independence assumption for selectivity estimates of multi-clause joins
2026-07-29T13:23:07.026Z	INFO	main	Bootstrap	optimizer.join-partitioned-build-min-row-count                                          1000000                                                                    1000000                                                                    Minimum number of join build side rows required to use partitioned join lookup
2026-07-29T13:23:07.026Z	INFO	main	Bootstrap	optimizer.join-reordering-strategy                                                      AUTOMATIC                                                                  AUTOMATIC                                                                  The strategy to use for reordering joins
2026-07-29T13:23:07.026Z	INFO	main	Bootstrap	optimizer.max-reordered-joins                                                           8                                                                          8                                                                          The maximum number of tables to reorder in cost-based join reordering
2026-07-29T13:23:07.026Z	INFO	main	Bootstrap	memory-cost-weight                                                                      10.0                                                                       10.0
2026-07-29T13:23:07.026Z	INFO	main	Bootstrap	optimizer.merge-project-with-values                                                     true                                                                       true
2026-07-29T13:23:07.026Z	INFO	main	Bootstrap	optimizer.min-input-rows-per-task                                                       10000000                                                                   10000000                                                                   Minimum input rows required per task. This will help optimizer determine hash partition count for joins and aggregations
2026-07-29T13:23:07.026Z	INFO	main	Bootstrap	optimizer.min-input-size-per-task                                                       5GB                                                                        5GB                                                                        Minimum input data size required per task. This will help optimizer determine hash partition count for joins and aggregations
2026-07-29T13:23:07.026Z	INFO	main	Bootstrap	network-cost-weight                                                                     15.0                                                                       15.0
2026-07-29T13:23:07.026Z	INFO	main	Bootstrap	optimizer.non-estimatable-predicate-approximation.enabled                               true                                                                       true                                                                       Approximate the cost of filters which cannot be accurately estimated even with complete statistics
2026-07-29T13:23:07.026Z	INFO	main	Bootstrap	optimizer.optimize-duplicate-insensitive-joins                                          true                                                                       true
2026-07-29T13:23:07.026Z	INFO	main	Bootstrap	optimizer.optimize-hash-generation                                                      false                                                                      false
2026-07-29T13:23:07.026Z	INFO	main	Bootstrap	optimizer.optimize-metadata-queries                                                     false                                                                      false
2026-07-29T13:23:07.026Z	INFO	main	Bootstrap	optimizer.optimize-top-n-ranking                                                        true                                                                       true
2026-07-29T13:23:07.026Z	INFO	main	Bootstrap	optimizer.pre-aggregate-case-aggregations.enabled                                       true                                                                       true                                                                       Pre-aggregate rows before GROUP BY with multiple CASE aggregations on same column
2026-07-29T13:23:07.026Z	INFO	main	Bootstrap	optimizer.predicate-pushdown-use-table-properties                                       true                                                                       true
2026-07-29T13:23:07.026Z	INFO	main	Bootstrap	optimizer.prefer-partial-aggregation                                                    true                                                                       true
2026-07-29T13:23:07.026Z	INFO	main	Bootstrap	optimizer.push-aggregation-through-outer-join                                           true                                                                       true
2026-07-29T13:23:07.026Z	INFO	main	Bootstrap	optimizer.push-filter-into-values-max-row-count                                         100                                                                        100                                                                        Maximum number of rows in values for which filter is pushed down into values
2026-07-29T13:23:07.026Z	INFO	main	Bootstrap	optimizer.push-partial-aggregation-through-join                                         false                                                                      false
2026-07-29T13:23:07.026Z	INFO	main	Bootstrap	optimizer.push-table-write-through-union                                                true                                                                       true
2026-07-29T13:23:07.026Z	INFO	main	Bootstrap	optimizer.rewrite-filtering-semi-join-to-inner-join                                     true                                                                       true
2026-07-29T13:23:07.026Z	INFO	main	Bootstrap	optimizer.skip-redundant-sort                                                           true                                                                       true
2026-07-29T13:23:07.027Z	INFO	main	Bootstrap	spatial-joins-enabled                                                                   true                                                                       true                                                                       Use spatial index for spatial joins when possible
2026-07-29T13:23:07.027Z	INFO	main	Bootstrap	statistics-precalculation-for-pushdown.enabled                                          true                                                                       true
2026-07-29T13:23:07.027Z	INFO	main	Bootstrap	optimizer.table-scan-node-partitioning-min-bucket-to-task-ratio                         0.5                                                                        0.5                                                                        Min table scan bucket to task ratio for which plan will be adopted to node pre-partitioned tables
2026-07-29T13:23:07.027Z	INFO	main	Bootstrap	optimizer.use-cost-based-partitioning                                                   true                                                                       true                                                                       When enabled the cost based optimizer is used to determine if repartitioning the output of an already partitioned stage is necessary
2026-07-29T13:23:07.027Z	INFO	main	Bootstrap	optimizer.use-exact-partitioning                                                        false                                                                      false                                                                      When enabled this forces data repartitioning unless the partitioning of upstream stage matches exactly what downstream stage expects
2026-07-29T13:23:07.027Z	INFO	main	Bootstrap	optimizer.use-legacy-window-filter-pushdown                                             false                                                                      false
2026-07-29T13:23:07.027Z	INFO	main	Bootstrap	use-preferred-write-partitioning                                                        true                                                                       true
2026-07-29T13:23:07.027Z	INFO	main	Bootstrap	optimizer.use-table-scan-node-partitioning                                              true                                                                       true                                                                       Adapt plan to node pre-partitioned tables
2026-07-29T13:23:07.027Z	INFO	main	Bootstrap	transaction.idle-check-interval                                                         1.00m                                                                      1.00m                                                                      Time interval between idle transactions checks
2026-07-29T13:23:07.027Z	INFO	main	Bootstrap	transaction.idle-timeout                                                                5.00m                                                                      5.00m                                                                      Amount of time before an inactive transaction is considered expired
2026-07-29T13:23:07.027Z	INFO	main	Bootstrap	transaction.max-finishing-concurrency                                                   1                                                                          1                                                                          Maximum parallelism for committing or aborting a transaction
2026-07-29T13:23:09.174Z	INFO	main	org.eclipse.jetty.server.Server	jetty-12.0.9; built: 2024-05-03T13:03:17.262Z; git: efe8023327e67287f9bfd006700e6a71d45b5dd6; jvm 22.0.1+8
2026-07-29T13:23:09.190Z	INFO	main	org.eclipse.jetty.server.handler.ContextHandler	Started oeje10s.ServletContextHandler@61b76a7d{ROOT,/,b=null,a=AVAILABLE,vh=[@http,@https],h=GzipHandler@39159b14{STARTED,min=32,inflate=-1}}
2026-07-29T13:23:09.533Z	INFO	main	org.eclipse.jetty.ee10.servlet.ServletContextHandler	Started oeje10s.ServletContextHandler@61b76a7d{ROOT,/,b=null,a=AVAILABLE,vh=[@http,@https],h=GzipHandler@39159b14{STARTED,min=32,inflate=-1}}
2026-07-29T13:23:09.544Z	INFO	main	org.eclipse.jetty.server.AbstractConnector	Started http@372f7bc{HTTP/1.1, (http/1.1, h2c)}{0.0.0.0:8080}
2026-07-29T13:23:09.545Z	INFO	main	org.eclipse.jetty.server.Server	Started oejs.Server@62e99458{STARTING}[12.0.9,sto=0] @4269ms
2026-07-29T13:23:10.451Z	INFO	main	io.trino.server.Server	Trino version: 450
2026-07-29T13:23:10.452Z	INFO	main	io.trino.server.Server	Working directory: /data/trino
2026-07-29T13:23:10.452Z	INFO	main	io.trino.server.Server	Etc directory: /etc/trino
2026-07-29T13:23:10.461Z	INFO	main	io.trino.server.PluginManager	-- Loading plugin /data/trino/plugin/accumulo --
2026-07-29T13:23:10.512Z	INFO	main	io.trino.server.PluginManager	Installing io.trino.plugin.accumulo.AccumuloPlugin
2026-07-29T13:23:10.517Z	INFO	main	io.trino.server.PluginManager	Registering connector accumulo
2026-07-29T13:23:10.519Z	INFO	main	io.trino.server.PluginManager	-- Finished loading plugin /data/trino/plugin/accumulo --
2026-07-29T13:23:10.519Z	INFO	main	io.trino.server.PluginManager	-- Loading plugin /data/trino/plugin/atop --
2026-07-29T13:23:10.525Z	INFO	main	io.trino.server.PluginManager	Installing io.trino.plugin.atop.AtopPlugin
2026-07-29T13:23:10.529Z	INFO	main	io.trino.server.PluginManager	Registering connector atop
2026-07-29T13:23:10.531Z	INFO	main	io.trino.server.PluginManager	-- Finished loading plugin /data/trino/plugin/atop --
2026-07-29T13:23:10.531Z	INFO	main	io.trino.server.PluginManager	-- Loading plugin /data/trino/plugin/bigquery --
2026-07-29T13:23:10.553Z	INFO	main	io.trino.server.PluginManager	Installing io.trino.plugin.bigquery.BigQueryPlugin
2026-07-29T13:23:10.558Z	INFO	main	io.trino.server.PluginManager	Registering connector bigquery
2026-07-29T13:23:10.559Z	INFO	main	io.trino.server.PluginManager	-- Finished loading plugin /data/trino/plugin/bigquery --
2026-07-29T13:23:10.559Z	INFO	main	io.trino.server.PluginManager	-- Loading plugin /data/trino/plugin/blackhole --
2026-07-29T13:23:10.565Z	INFO	main	io.trino.server.PluginManager	Installing io.trino.plugin.blackhole.BlackHolePlugin
2026-07-29T13:23:10.568Z	INFO	main	io.trino.server.PluginManager	Registering connector blackhole
2026-07-29T13:23:10.568Z	INFO	main	io.trino.server.PluginManager	-- Finished loading plugin /data/trino/plugin/blackhole --
2026-07-29T13:23:10.568Z	INFO	main	io.trino.server.PluginManager	-- Loading plugin /data/trino/plugin/cassandra --
2026-07-29T13:23:10.576Z	INFO	main	io.trino.server.PluginManager	Installing io.trino.plugin.cassandra.CassandraPlugin
2026-07-29T13:23:10.580Z	INFO	main	io.trino.server.PluginManager	Registering connector cassandra
2026-07-29T13:23:10.580Z	INFO	main	io.trino.server.PluginManager	-- Finished loading plugin /data/trino/plugin/cassandra --
2026-07-29T13:23:10.580Z	INFO	main	io.trino.server.PluginManager	-- Loading plugin /data/trino/plugin/clickhouse --
2026-07-29T13:23:10.589Z	INFO	main	io.trino.server.PluginManager	Installing io.trino.plugin.clickhouse.ClickHousePlugin
2026-07-29T13:23:10.593Z	INFO	main	io.trino.server.PluginManager	Registering connector clickhouse
2026-07-29T13:23:10.594Z	INFO	main	io.trino.server.PluginManager	-- Finished loading plugin /data/trino/plugin/clickhouse --
2026-07-29T13:23:10.594Z	INFO	main	io.trino.server.PluginManager	-- Loading plugin /data/trino/plugin/delta-lake --
2026-07-29T13:23:10.654Z	INFO	main	io.trino.server.PluginManager	Installing io.trino.plugin.deltalake.DeltaLakePlugin
2026-07-29T13:23:10.661Z	INFO	main	io.trino.server.PluginManager	Registering connector delta_lake
2026-07-29T13:23:10.662Z	INFO	main	io.trino.server.PluginManager	-- Finished loading plugin /data/trino/plugin/delta-lake --
2026-07-29T13:23:10.662Z	INFO	main	io.trino.server.PluginManager	-- Loading plugin /data/trino/plugin/druid --
2026-07-29T13:23:10.676Z	INFO	main	io.trino.server.PluginManager	Installing io.trino.plugin.druid.DruidJdbcPlugin
2026-07-29T13:23:10.680Z	INFO	main	io.trino.server.PluginManager	Registering connector druid
2026-07-29T13:23:10.681Z	INFO	main	io.trino.server.PluginManager	-- Finished loading plugin /data/trino/plugin/druid --
2026-07-29T13:23:10.681Z	INFO	main	io.trino.server.PluginManager	-- Loading plugin /data/trino/plugin/elasticsearch --
2026-07-29T13:23:10.690Z	INFO	main	io.trino.server.PluginManager	Installing io.trino.plugin.elasticsearch.ElasticsearchPlugin
2026-07-29T13:23:10.694Z	INFO	main	io.trino.server.PluginManager	Registering connector elasticsearch
2026-07-29T13:23:10.694Z	INFO	main	io.trino.server.PluginManager	-- Finished loading plugin /data/trino/plugin/elasticsearch --
2026-07-29T13:23:10.695Z	INFO	main	io.trino.server.PluginManager	-- Loading plugin /data/trino/plugin/example-http --
2026-07-29T13:23:10.699Z	INFO	main	io.trino.server.PluginManager	Installing io.trino.plugin.example.ExamplePlugin
2026-07-29T13:23:10.702Z	INFO	main	io.trino.server.PluginManager	Registering connector example_http
2026-07-29T13:23:10.703Z	INFO	main	io.trino.server.PluginManager	-- Finished loading plugin /data/trino/plugin/example-http --
2026-07-29T13:23:10.703Z	INFO	main	io.trino.server.PluginManager	-- Loading plugin /data/trino/plugin/exchange-filesystem --
2026-07-29T13:23:10.716Z	INFO	main	io.trino.server.PluginManager	Installing io.trino.plugin.exchange.filesystem.FileSystemExchangePlugin
2026-07-29T13:23:10.719Z	INFO	main	io.trino.server.PluginManager	Registering exchange manager filesystem
2026-07-29T13:23:10.720Z	INFO	main	io.trino.server.PluginManager	-- Finished loading plugin /data/trino/plugin/exchange-filesystem --
2026-07-29T13:23:10.720Z	INFO	main	io.trino.server.PluginManager	-- Loading plugin /data/trino/plugin/exchange-hdfs --
2026-07-29T13:23:10.733Z	INFO	main	io.trino.server.PluginManager	Installing io.trino.plugin.exchange.hdfs.HdfsExchangePlugin
2026-07-29T13:23:10.736Z	INFO	main	io.trino.server.PluginManager	Registering exchange manager hdfs
2026-07-29T13:23:10.737Z	INFO	main	io.trino.server.PluginManager	-- Finished loading plugin /data/trino/plugin/exchange-hdfs --
2026-07-29T13:23:10.737Z	INFO	main	io.trino.server.PluginManager	-- Loading plugin /data/trino/plugin/geospatial --
2026-07-29T13:23:10.739Z	INFO	main	io.trino.server.PluginManager	Installing io.trino.plugin.geospatial.GeoPlugin
2026-07-29T13:23:10.743Z	INFO	main	io.trino.server.PluginManager	Registering type Geometry
2026-07-29T13:23:10.743Z	INFO	main	io.trino.server.PluginManager	Registering type BingTile
2026-07-29T13:23:10.743Z	INFO	main	io.trino.server.PluginManager	Registering type KdbTree
2026-07-29T13:23:10.743Z	INFO	main	io.trino.server.PluginManager	Registering type SphericalGeography
2026-07-29T13:23:10.747Z	INFO	main	io.trino.server.PluginManager	Registering functions from GeoPlugin
2026-07-29T13:23:10.767Z	INFO	main	io.trino.server.PluginManager	-- Finished loading plugin /data/trino/plugin/geospatial --
2026-07-29T13:23:10.767Z	INFO	main	io.trino.server.PluginManager	-- Loading plugin /data/trino/plugin/google-sheets --
2026-07-29T13:23:10.772Z	INFO	main	io.trino.server.PluginManager	Installing io.trino.plugin.google.sheets.SheetsPlugin
2026-07-29T13:23:10.776Z	INFO	main	io.trino.server.PluginManager	Registering connector gsheets
2026-07-29T13:23:10.776Z	INFO	main	io.trino.server.PluginManager	-- Finished loading plugin /data/trino/plugin/google-sheets --
2026-07-29T13:23:10.776Z	INFO	main	io.trino.server.PluginManager	-- Loading plugin /data/trino/plugin/hive --
2026-07-29T13:23:10.797Z	INFO	main	io.trino.server.PluginManager	Installing io.trino.plugin.hive.HivePlugin
2026-07-29T13:23:10.801Z	INFO	main	io.trino.server.PluginManager	Registering connector hive
2026-07-29T13:23:10.802Z	INFO	main	io.trino.server.PluginManager	Registering functions from HivePlugin
2026-07-29T13:23:10.803Z	INFO	main	io.trino.server.PluginManager	-- Finished loading plugin /data/trino/plugin/hive --
2026-07-29T13:23:10.803Z	INFO	main	io.trino.server.PluginManager	-- Loading plugin /data/trino/plugin/http-event-listener --
2026-07-29T13:23:10.807Z	INFO	main	io.trino.server.PluginManager	Installing io.trino.plugin.httpquery.HttpEventListenerPlugin
2026-07-29T13:23:10.808Z	INFO	main	io.trino.server.PluginManager	Registering event listener http
2026-07-29T13:23:10.809Z	INFO	main	io.trino.server.PluginManager	-- Finished loading plugin /data/trino/plugin/http-event-listener --
2026-07-29T13:23:10.809Z	INFO	main	io.trino.server.PluginManager	-- Loading plugin /data/trino/plugin/http-server-event-listener --
2026-07-29T13:23:10.815Z	INFO	main	io.trino.server.PluginManager	Installing io.trino.plugin.httpquery.HttpServerEventListenerPlugin
2026-07-29T13:23:10.816Z	INFO	main	io.trino.server.PluginManager	Registering event listener http-server
2026-07-29T13:23:10.816Z	INFO	main	io.trino.server.PluginManager	-- Finished loading plugin /data/trino/plugin/http-server-event-listener --
2026-07-29T13:23:10.816Z	INFO	main	io.trino.server.PluginManager	-- Loading plugin /data/trino/plugin/hudi --
2026-07-29T13:23:10.837Z	INFO	main	io.trino.server.PluginManager	Installing io.trino.plugin.hudi.HudiPlugin
2026-07-29T13:23:10.841Z	INFO	main	io.trino.server.PluginManager	Registering connector hudi
2026-07-29T13:23:10.842Z	INFO	main	io.trino.server.PluginManager	-- Finished loading plugin /data/trino/plugin/hudi --
2026-07-29T13:23:10.842Z	INFO	main	io.trino.server.PluginManager	-- Loading plugin /data/trino/plugin/iceberg --
2026-07-29T13:23:10.868Z	INFO	main	io.trino.server.PluginManager	Installing io.trino.plugin.iceberg.IcebergPlugin
2026-07-29T13:23:10.873Z	INFO	main	io.trino.server.PluginManager	Registering connector iceberg
2026-07-29T13:23:10.874Z	INFO	main	io.trino.server.PluginManager	Registering functions from IcebergPlugin
2026-07-29T13:23:10.878Z	INFO	main	io.trino.server.PluginManager	-- Finished loading plugin /data/trino/plugin/iceberg --
2026-07-29T13:23:10.878Z	INFO	main	io.trino.server.PluginManager	-- Loading plugin /data/trino/plugin/ignite --
2026-07-29T13:23:10.885Z	INFO	main	io.trino.server.PluginManager	Installing io.trino.plugin.ignite.IgnitePlugin
2026-07-29T13:23:10.888Z	INFO	main	io.trino.server.PluginManager	Registering connector ignite
2026-07-29T13:23:10.889Z	INFO	main	io.trino.server.PluginManager	-- Finished loading plugin /data/trino/plugin/ignite --
2026-07-29T13:23:10.889Z	INFO	main	io.trino.server.PluginManager	-- Loading plugin /data/trino/plugin/jmx --
2026-07-29T13:23:10.894Z	INFO	main	io.trino.server.PluginManager	Installing io.trino.plugin.jmx.JmxPlugin
2026-07-29T13:23:10.896Z	INFO	main	io.trino.server.PluginManager	Registering connector jmx
2026-07-29T13:23:10.897Z	INFO	main	io.trino.server.PluginManager	-- Finished loading plugin /data/trino/plugin/jmx --
2026-07-29T13:23:10.897Z	INFO	main	io.trino.server.PluginManager	-- Loading plugin /data/trino/plugin/kafka --
2026-07-29T13:23:10.907Z	INFO	main	io.trino.server.PluginManager	Installing io.trino.plugin.kafka.KafkaPlugin
2026-07-29T13:23:10.909Z	INFO	main	io.trino.server.PluginManager	Registering connector kafka
2026-07-29T13:23:10.909Z	INFO	main	io.trino.server.PluginManager	-- Finished loading plugin /data/trino/plugin/kafka --
2026-07-29T13:23:10.909Z	INFO	main	io.trino.server.PluginManager	-- Loading plugin /data/trino/plugin/kinesis --
2026-07-29T13:23:10.916Z	INFO	main	io.trino.server.PluginManager	Installing io.trino.plugin.kinesis.KinesisPlugin
2026-07-29T13:23:10.919Z	INFO	main	io.trino.server.PluginManager	Registering connector kinesis
2026-07-29T13:23:10.919Z	INFO	main	io.trino.server.PluginManager	-- Finished loading plugin /data/trino/plugin/kinesis --
2026-07-29T13:23:10.919Z	INFO	main	io.trino.server.PluginManager	-- Loading plugin /data/trino/plugin/kudu --
2026-07-29T13:23:10.926Z	INFO	main	io.trino.server.PluginManager	Installing io.trino.plugin.kudu.KuduPlugin
2026-07-29T13:23:10.929Z	INFO	main	io.trino.server.PluginManager	Registering connector kudu
2026-07-29T13:23:10.930Z	INFO	main	io.trino.server.PluginManager	-- Finished loading plugin /data/trino/plugin/kudu --
2026-07-29T13:23:10.930Z	INFO	main	io.trino.server.PluginManager	-- Loading plugin /data/trino/plugin/local-file --
2026-07-29T13:23:10.934Z	INFO	main	io.trino.server.PluginManager	Installing io.trino.plugin.localfile.LocalFilePlugin
2026-07-29T13:23:10.937Z	INFO	main	io.trino.server.PluginManager	Registering connector localfile
2026-07-29T13:23:10.937Z	INFO	main	io.trino.server.PluginManager	-- Finished loading plugin /data/trino/plugin/local-file --
2026-07-29T13:23:10.937Z	INFO	main	io.trino.server.PluginManager	-- Loading plugin /data/trino/plugin/mariadb --
2026-07-29T13:23:10.945Z	INFO	main	io.trino.server.PluginManager	Installing io.trino.plugin.mariadb.MariaDbPlugin
2026-07-29T13:23:10.948Z	INFO	main	io.trino.server.PluginManager	Registering connector mariadb
2026-07-29T13:23:10.949Z	INFO	main	io.trino.server.PluginManager	-- Finished loading plugin /data/trino/plugin/mariadb --
2026-07-29T13:23:10.949Z	INFO	main	io.trino.server.PluginManager	-- Loading plugin /data/trino/plugin/memory --
2026-07-29T13:23:10.953Z	INFO	main	io.trino.server.PluginManager	Installing io.trino.plugin.memory.MemoryPlugin
2026-07-29T13:23:10.956Z	INFO	main	io.trino.server.PluginManager	Registering connector memory
2026-07-29T13:23:10.956Z	INFO	main	io.trino.server.PluginManager	-- Finished loading plugin /data/trino/plugin/memory --
2026-07-29T13:23:10.957Z	INFO	main	io.trino.server.PluginManager	-- Loading plugin /data/trino/plugin/ml --
2026-07-29T13:23:10.959Z	INFO	main	io.trino.server.PluginManager	Installing io.trino.plugin.ml.MLPlugin
2026-07-29T13:23:10.962Z	INFO	main	io.trino.server.PluginManager	Registering type Model
2026-07-29T13:23:10.962Z	INFO	main	io.trino.server.PluginManager	Registering type Regressor
2026-07-29T13:23:10.963Z	INFO	main	io.trino.server.PluginManager	Registering parametric type Classifier
2026-07-29T13:23:10.966Z	INFO	main	io.trino.server.PluginManager	Registering functions from MLPlugin
2026-07-29T13:23:11.051Z	INFO	main	io.trino.server.PluginManager	-- Finished loading plugin /data/trino/plugin/ml --
2026-07-29T13:23:11.051Z	INFO	main	io.trino.server.PluginManager	-- Loading plugin /data/trino/plugin/mongodb --
2026-07-29T13:23:11.056Z	INFO	main	io.trino.server.PluginManager	Installing io.trino.plugin.mongodb.MongoPlugin
2026-07-29T13:23:11.059Z	INFO	main	io.trino.server.PluginManager	Registering type ObjectId
2026-07-29T13:23:11.060Z	INFO	main	io.trino.server.PluginManager	Registering connector mongodb
2026-07-29T13:23:11.061Z	INFO	main	io.trino.server.PluginManager	Registering functions from MongoPlugin
2026-07-29T13:23:11.064Z	INFO	main	io.trino.server.PluginManager	-- Finished loading plugin /data/trino/plugin/mongodb --
2026-07-29T13:23:11.064Z	INFO	main	io.trino.server.PluginManager	-- Loading plugin /data/trino/plugin/mysql --
2026-07-29T13:23:11.071Z	INFO	main	io.trino.server.PluginManager	Installing io.trino.plugin.mysql.MySqlPlugin
2026-07-29T13:23:11.074Z	INFO	main	io.trino.server.PluginManager	Registering connector mysql
2026-07-29T13:23:11.074Z	INFO	main	io.trino.server.PluginManager	-- Finished loading plugin /data/trino/plugin/mysql --
2026-07-29T13:23:11.074Z	INFO	main	io.trino.server.PluginManager	-- Loading plugin /data/trino/plugin/mysql-event-listener --
2026-07-29T13:23:11.077Z	INFO	main	io.trino.server.PluginManager	Installing io.trino.plugin.eventlistener.mysql.MysqlEventListenerPlugin
2026-07-29T13:23:11.080Z	INFO	main	io.trino.server.PluginManager	Registering event listener mysql
2026-07-29T13:23:11.081Z	INFO	main	io.trino.server.PluginManager	-- Finished loading plugin /data/trino/plugin/mysql-event-listener --
2026-07-29T13:23:11.081Z	INFO	main	io.trino.server.PluginManager	-- Loading plugin /data/trino/plugin/opa --
2026-07-29T13:23:11.085Z	INFO	main	io.trino.server.PluginManager	Installing io.trino.plugin.opa.OpaAccessControlPlugin
2026-07-29T13:23:11.088Z	INFO	main	io.trino.server.PluginManager	Registering system access control opa
2026-07-29T13:23:11.088Z	INFO	main	io.trino.server.PluginManager	-- Finished loading plugin /data/trino/plugin/opa --
2026-07-29T13:23:11.088Z	INFO	main	io.trino.server.PluginManager	-- Loading plugin /data/trino/plugin/openlineage --
2026-07-29T13:23:11.092Z	INFO	main	io.trino.server.PluginManager	Installing io.trino.plugin.openlineage.OpenLineagePlugin
2026-07-29T13:23:11.095Z	INFO	main	io.trino.server.PluginManager	Registering event listener openlineage
2026-07-29T13:23:11.096Z	INFO	main	io.trino.server.PluginManager	-- Finished loading plugin /data/trino/plugin/openlineage --
2026-07-29T13:23:11.096Z	INFO	main	io.trino.server.PluginManager	-- Loading plugin /data/trino/plugin/opensearch --
2026-07-29T13:23:11.105Z	INFO	main	io.trino.server.PluginManager	Installing io.trino.plugin.opensearch.OpenSearchPlugin
2026-07-29T13:23:11.108Z	INFO	main	io.trino.server.PluginManager	Registering connector opensearch
2026-07-29T13:23:11.109Z	INFO	main	io.trino.server.PluginManager	-- Finished loading plugin /data/trino/plugin/opensearch --
2026-07-29T13:23:11.109Z	INFO	main	io.trino.server.PluginManager	-- Loading plugin /data/trino/plugin/oracle --
2026-07-29T13:23:11.117Z	INFO	main	io.trino.server.PluginManager	Installing io.trino.plugin.oracle.OraclePlugin
2026-07-29T13:23:11.121Z	INFO	main	io.trino.server.PluginManager	Registering connector oracle
2026-07-29T13:23:11.121Z	INFO	main	io.trino.server.PluginManager	-- Finished loading plugin /data/trino/plugin/oracle --
2026-07-29T13:23:11.121Z	INFO	main	io.trino.server.PluginManager	-- Loading plugin /data/trino/plugin/password-authenticators --
2026-07-29T13:23:11.126Z	INFO	main	io.trino.server.PluginManager	Installing io.trino.plugin.password.PasswordAuthenticatorPlugin
2026-07-29T13:23:11.130Z	INFO	main	io.trino.server.PluginManager	Registering group provider file
2026-07-29T13:23:11.130Z	INFO	main	io.trino.server.PluginManager	-- Finished loading plugin /data/trino/plugin/password-authenticators --
2026-07-29T13:23:11.130Z	INFO	main	io.trino.server.PluginManager	-- Loading plugin /data/trino/plugin/phoenix5 --
2026-07-29T13:23:11.161Z	INFO	main	io.trino.server.PluginManager	Installing io.trino.plugin.phoenix5.PhoenixPlugin
2026-07-29T13:23:11.164Z	INFO	main	io.trino.server.PluginManager	Registering connector phoenix5
2026-07-29T13:23:11.164Z	INFO	main	io.trino.server.PluginManager	-- Finished loading plugin /data/trino/plugin/phoenix5 --
2026-07-29T13:23:11.164Z	INFO	main	io.trino.server.PluginManager	-- Loading plugin /data/trino/plugin/pinot --
2026-07-29T13:23:11.183Z	INFO	main	io.trino.server.PluginManager	Installing io.trino.plugin.pinot.PinotPlugin
2026-07-29T13:23:11.186Z	INFO	main	io.trino.server.PluginManager	Registering connector pinot
2026-07-29T13:23:11.186Z	INFO	main	io.trino.server.PluginManager	-- Finished loading plugin /data/trino/plugin/pinot --
2026-07-29T13:23:11.186Z	INFO	main	io.trino.server.PluginManager	-- Loading plugin /data/trino/plugin/postgresql --
2026-07-29T13:23:11.195Z	INFO	main	io.trino.server.PluginManager	Installing io.trino.plugin.postgresql.PostgreSqlPlugin
2026-07-29T13:23:11.196Z	INFO	main	io.trino.server.PluginManager	Registering connector postgresql
2026-07-29T13:23:11.196Z	INFO	main	io.trino.server.PluginManager	-- Finished loading plugin /data/trino/plugin/postgresql --
2026-07-29T13:23:11.196Z	INFO	main	io.trino.server.PluginManager	-- Loading plugin /data/trino/plugin/prometheus --
2026-07-29T13:23:11.201Z	INFO	main	io.trino.server.PluginManager	Installing io.trino.plugin.prometheus.PrometheusPlugin
2026-07-29T13:23:11.204Z	INFO	main	io.trino.server.PluginManager	Registering connector prometheus
2026-07-29T13:23:11.204Z	INFO	main	io.trino.server.PluginManager	-- Finished loading plugin /data/trino/plugin/prometheus --
2026-07-29T13:23:11.204Z	INFO	main	io.trino.server.PluginManager	-- Loading plugin /data/trino/plugin/raptor-legacy --
2026-07-29T13:23:11.214Z	INFO	main	io.trino.server.PluginManager	Installing io.trino.plugin.raptor.legacy.RaptorPlugin
2026-07-29T13:23:11.216Z	INFO	main	io.trino.server.PluginManager	Registering connector raptor_legacy
2026-07-29T13:23:11.216Z	INFO	main	io.trino.server.PluginManager	-- Finished loading plugin /data/trino/plugin/raptor-legacy --
2026-07-29T13:23:11.216Z	INFO	main	io.trino.server.PluginManager	-- Loading plugin /data/trino/plugin/redis --
2026-07-29T13:23:11.222Z	INFO	main	io.trino.server.PluginManager	Installing io.trino.plugin.redis.RedisPlugin
2026-07-29T13:23:11.226Z	INFO	main	io.trino.server.PluginManager	Registering connector redis
2026-07-29T13:23:11.226Z	INFO	main	io.trino.server.PluginManager	-- Finished loading plugin /data/trino/plugin/redis --
2026-07-29T13:23:11.226Z	INFO	main	io.trino.server.PluginManager	-- Loading plugin /data/trino/plugin/redshift --
2026-07-29T13:23:11.235Z	INFO	main	io.trino.server.PluginManager	Installing io.trino.plugin.redshift.RedshiftPlugin
2026-07-29T13:23:11.238Z	INFO	main	io.trino.server.PluginManager	Registering connector redshift
2026-07-29T13:23:11.238Z	INFO	main	io.trino.server.PluginManager	-- Finished loading plugin /data/trino/plugin/redshift --
2026-07-29T13:23:11.238Z	INFO	main	io.trino.server.PluginManager	-- Loading plugin /data/trino/plugin/resource-group-managers --
2026-07-29T13:23:11.243Z	INFO	main	io.trino.server.PluginManager	Installing io.trino.plugin.resourcegroups.ResourceGroupManagerPlugin
2026-07-29T13:23:11.246Z	INFO	main	io.trino.server.PluginManager	Registering resource group configuration manager file
2026-07-29T13:23:11.246Z	INFO	main	io.trino.server.PluginManager	Registering resource group configuration manager db
2026-07-29T13:23:11.246Z	INFO	main	io.trino.server.PluginManager	-- Finished loading plugin /data/trino/plugin/resource-group-managers --
2026-07-29T13:23:11.246Z	INFO	main	io.trino.server.PluginManager	-- Loading plugin /data/trino/plugin/session-property-managers --
2026-07-29T13:23:11.252Z	INFO	main	io.trino.server.PluginManager	Installing io.trino.plugin.session.SessionPropertyConfigurationManagerPlugin
2026-07-29T13:23:11.255Z	INFO	main	io.trino.server.PluginManager	Registering session property configuration manager file
2026-07-29T13:23:11.255Z	INFO	main	io.trino.server.PluginManager	Registering session property configuration manager db
2026-07-29T13:23:11.255Z	INFO	main	io.trino.server.PluginManager	-- Finished loading plugin /data/trino/plugin/session-property-managers --
2026-07-29T13:23:11.255Z	INFO	main	io.trino.server.PluginManager	-- Loading plugin /data/trino/plugin/singlestore --
2026-07-29T13:23:11.263Z	INFO	main	io.trino.server.PluginManager	Installing io.trino.plugin.singlestore.SingleStorePlugin
2026-07-29T13:23:11.266Z	INFO	main	io.trino.server.PluginManager	Registering connector singlestore
2026-07-29T13:23:11.266Z	INFO	main	io.trino.server.PluginManager	-- Finished loading plugin /data/trino/plugin/singlestore --
2026-07-29T13:23:11.266Z	INFO	main	io.trino.server.PluginManager	-- Loading plugin /data/trino/plugin/snowflake --
2026-07-29T13:23:11.272Z	INFO	main	io.trino.server.PluginManager	Installing io.trino.plugin.snowflake.SnowflakePlugin
2026-07-29T13:23:11.275Z	INFO	main	io.trino.server.PluginManager	Registering connector snowflake
2026-07-29T13:23:11.275Z	INFO	main	io.trino.server.PluginManager	-- Finished loading plugin /data/trino/plugin/snowflake --
2026-07-29T13:23:11.275Z	INFO	main	io.trino.server.PluginManager	-- Loading plugin /data/trino/plugin/sqlserver --
2026-07-29T13:23:11.282Z	INFO	main	io.trino.server.PluginManager	Installing io.trino.plugin.sqlserver.SqlServerPlugin
2026-07-29T13:23:11.285Z	INFO	main	io.trino.server.PluginManager	Registering connector sqlserver
2026-07-29T13:23:11.285Z	INFO	main	io.trino.server.PluginManager	-- Finished loading plugin /data/trino/plugin/sqlserver --
2026-07-29T13:23:11.285Z	INFO	main	io.trino.server.PluginManager	-- Loading plugin /data/trino/plugin/teradata-functions --
2026-07-29T13:23:11.286Z	INFO	main	io.trino.server.PluginManager	Installing io.trino.plugin.teradata.functions.TeradataFunctionsPlugin
2026-07-29T13:23:11.289Z	INFO	main	io.trino.server.PluginManager	Registering functions from TeradataFunctionsPlugin
2026-07-29T13:23:11.294Z	INFO	main	io.trino.server.PluginManager	-- Finished loading plugin /data/trino/plugin/teradata-functions --
2026-07-29T13:23:11.294Z	INFO	main	io.trino.server.PluginManager	-- Loading plugin /data/trino/plugin/thrift --
2026-07-29T13:23:11.304Z	INFO	main	io.trino.server.PluginManager	Installing io.trino.plugin.thrift.ThriftPlugin
2026-07-29T13:23:11.306Z	INFO	main	io.trino.server.PluginManager	Registering connector trino_thrift
2026-07-29T13:23:11.306Z	INFO	main	io.trino.server.PluginManager	-- Finished loading plugin /data/trino/plugin/thrift --
2026-07-29T13:23:11.306Z	INFO	main	io.trino.server.PluginManager	-- Loading plugin /data/trino/plugin/tpcds --
2026-07-29T13:23:11.311Z	INFO	main	io.trino.server.PluginManager	Installing io.trino.plugin.tpcds.TpcdsPlugin
2026-07-29T13:23:11.313Z	INFO	main	io.trino.server.PluginManager	Registering connector tpcds
2026-07-29T13:23:11.314Z	INFO	main	io.trino.server.PluginManager	-- Finished loading plugin /data/trino/plugin/tpcds --
2026-07-29T13:23:11.314Z	INFO	main	io.trino.server.PluginManager	-- Loading plugin /data/trino/plugin/tpch --
2026-07-29T13:23:11.320Z	INFO	main	io.trino.server.PluginManager	Installing io.trino.plugin.tpch.TpchPlugin
2026-07-29T13:23:11.323Z	INFO	main	io.trino.server.PluginManager	Registering connector tpch
2026-07-29T13:23:11.323Z	INFO	main	io.trino.server.PluginManager	-- Finished loading plugin /data/trino/plugin/tpch --
2026-07-29T13:23:11.324Z	INFO	main	io.trino.connector.StaticCatalogManager	-- Loading catalog iceberg --
2026-07-29T13:23:11.380Z	INFO	main	org.hibernate.validator.internal.util.Version	HV000001: Hibernate Validator 8.0.1.Final
2026-07-29T13:23:11.665Z	INFO	main	org.hibernate.validator.internal.util.Version	HV000001: Hibernate Validator 8.0.1.Final
2026-07-29T13:23:11.840Z	INFO	main	Bootstrap	PROPERTY                            DEFAULT     RUNTIME     DESCRIPTION
2026-07-29T13:23:11.840Z	INFO	main	Bootstrap	hive.dfs.connect.max-retries        5           5
2026-07-29T13:23:11.840Z	INFO	main	Bootstrap	hive.dfs.connect.timeout            500.00ms    500.00ms
2026-07-29T13:23:11.840Z	INFO	main	Bootstrap	hive.dfs.key-provider.cache-ttl     30.00m      30.00m
2026-07-29T13:23:11.840Z	INFO	main	Bootstrap	hive.dfs.replication                ----        ----        Hadoop FileSystem replication factor
2026-07-29T13:23:11.840Z	INFO	main	Bootstrap	hive.dfs-timeout                    60.00s      60.00s
2026-07-29T13:23:11.840Z	INFO	main	Bootstrap	hive.dfs.domain-socket-path         ----        ----
2026-07-29T13:23:11.840Z	INFO	main	Bootstrap	hive.fs.cache.max-size              1000        1000        Hadoop FileSystem cache size
2026-07-29T13:23:11.840Z	INFO	main	Bootstrap	hive.dfs.ipc-ping-interval          10.00s      10.00s
2026-07-29T13:23:11.840Z	INFO	main	Bootstrap	hive.fs.new-directory-permissions   0777        0777        File system permissions for new directories
2026-07-29T13:23:11.840Z	INFO	main	Bootstrap	hive.fs.new-file-inherit-ownership  false       false       Flag to determine if new files inherit the ownership information from the directory.
2026-07-29T13:23:11.840Z	INFO	main	Bootstrap	hive.config.resources               []          []
2026-07-29T13:23:11.840Z	INFO	main	Bootstrap	hive.hdfs.socks-proxy               ----        ----
2026-07-29T13:23:11.840Z	INFO	main	Bootstrap	hive.dfs.verify-checksum            true        true
2026-07-29T13:23:11.840Z	INFO	main	Bootstrap	hive.hdfs.wire-encryption.enabled   false       false       Should be turned on when HDFS wire encryption is enabled
2026-07-29T13:23:11.840Z	INFO	main	Bootstrap	hive.hdfs.authentication.type       NONE        NONE        HDFS authentication type
2026-07-29T13:23:11.840Z	INFO	main	Bootstrap	hive.hdfs.impersonation.enabled     false       false       Should Trino user be impersonated when communicating with HDFS
2026-07-29T13:23:11.840Z	INFO	main	Bootstrap	hive.azure.abfs-access-key          [REDACTED]  [REDACTED]
2026-07-29T13:23:11.840Z	INFO	main	Bootstrap	hive.azure.abfs.oauth.endpoint      [REDACTED]  [REDACTED]
2026-07-29T13:23:11.840Z	INFO	main	Bootstrap	hive.azure.abfs.oauth.client-id     [REDACTED]  [REDACTED]
2026-07-29T13:23:11.840Z	INFO	main	Bootstrap	hive.azure.abfs.oauth.secret        [REDACTED]  [REDACTED]
2026-07-29T13:23:11.840Z	INFO	main	Bootstrap	hive.azure.abfs-storage-account     [REDACTED]  [REDACTED]
2026-07-29T13:23:11.840Z	INFO	main	Bootstrap	hive.azure.adl-client-id            [REDACTED]  [REDACTED]
2026-07-29T13:23:11.840Z	INFO	main	Bootstrap	hive.azure.adl-credential           [REDACTED]  [REDACTED]
2026-07-29T13:23:11.840Z	INFO	main	Bootstrap	hive.azure.adl-proxy-host           ----        ----
2026-07-29T13:23:11.840Z	INFO	main	Bootstrap	hive.azure.adl-refresh-url          [REDACTED]  [REDACTED]
2026-07-29T13:23:11.840Z	INFO	main	Bootstrap	hive.azure.wasb-access-key          [REDACTED]  [REDACTED]
2026-07-29T13:23:11.840Z	INFO	main	Bootstrap	hive.azure.wasb-storage-account     [REDACTED]  [REDACTED]
2026-07-29T13:23:11.840Z	INFO	main	Bootstrap	hive.cos.service-config             ----        ----
2026-07-29T13:23:11.840Z	INFO	main	Bootstrap	hive.gcs.json-key                   [REDACTED]  [REDACTED]
2026-07-29T13:23:11.840Z	INFO	main	Bootstrap	hive.gcs.json-key-file-path         ----        ----        JSON key file used to access Google Cloud Storage
2026-07-29T13:23:11.840Z	INFO	main	Bootstrap	hive.gcs.use-access-token           false       false       Use client-provided OAuth token to access Google Cloud Storage
2026-07-29T13:23:11.840Z	INFO	main	Bootstrap	jmx.base-name                       ----        ----
2026-07-29T13:23:11.891Z	ERROR	main	io.trino.server.Server	Configuration errors:

1) Error: Configuration property 's3.ssl.enabled' was not used

1 error
io.airlift.bootstrap.ApplicationConfigurationException: Configuration errors:

1) Error: Configuration property 's3.ssl.enabled' was not used

1 error
	at io.airlift.bootstrap.Bootstrap.configure(Bootstrap.java:217)
	at io.airlift.bootstrap.Bootstrap.initialize(Bootstrap.java:246)
	at io.trino.plugin.iceberg.IcebergConnectorFactory.createConnector(IcebergConnectorFactory.java:116)
	at io.trino.plugin.iceberg.IcebergConnectorFactory.create(IcebergConnectorFactory.java:78)
	at io.trino.connector.DefaultCatalogFactory.createConnector(DefaultCatalogFactory.java:202)
	at io.trino.connector.DefaultCatalogFactory.createCatalog(DefaultCatalogFactory.java:120)
	at io.trino.connector.LazyCatalogFactory.createCatalog(LazyCatalogFactory.java:45)
	at io.trino.connector.StaticCatalogManager.lambda$loadInitialCatalogs$1(StaticCatalogManager.java:161)
	at java.base/java.util.concurrent.FutureTask.run(FutureTask.java:317)
	at java.base/java.util.concurrent.Executors$RunnableAdapter.call(Executors.java:572)
	at java.base/java.util.concurrent.FutureTask.run(FutureTask.java:317)
	at com.google.common.util.concurrent.DirectExecutor.execute(DirectExecutor.java:31)
	at java.base/java.util.concurrent.ExecutorCompletionService.submit(ExecutorCompletionService.java:186)
	at io.trino.util.Executors.executeUntilFailure(Executors.java:46)
	at io.trino.connector.StaticCatalogManager.loadInitialCatalogs(StaticCatalogManager.java:155)
	at io.trino.server.Server.doStart(Server.java:155)
	at io.trino.server.Server.lambda$start$0(Server.java:93)
	at io.trino.$gen.Trino_450____20260729_132305_1.run(Unknown Source)
	at io.trino.server.Server.start(Server.java:93)
	at io.trino.server.TrinoServer.main(TrinoServer.java:37)


